CRRA,9.1953451220035
BeqMPC,0.9882596100272354
BeqInt,2.3540986086439286
time_to_estimate,1301.5515689849854
params,"{'CRRA': 9.1953451220035, 'BeqMPC': 0.9882596100272354, 'BeqInt': 2.3540986086439286}"
fun,1.0490096077353583
start_fun,1.055238810761127
start_params,"{'CRRA': 9.252286005027539, 'BeqMPC': 0.1, 'BeqInt': 1.0}"
algorithm,multistart_tranquilo_ls
direction,minimize
n_free,3
message,Relative criterion change smaller than tolerance.
success,
n_fun_evals,
n_jac_evals,
n_hess_evals,
n_iterations,
status,
jac,
hess,
hess_inv,
max_constraint_violation,
history,
convergence_report,"{'one_step': {'relative_criterion_change': 2.5980582769130752e-05, 'relative_params_change': 0.9089524346877732, 'absolute_criterion_change': 2.7253880939381858e-05, 'absolute_params_change': 1.3589051766966727}, 'five_steps': {'relative_criterion_change': 9.960173359047435e-05, 'relative_params_change': 0.9089524346877732, 'absolute_criterion_change': 0.00010448317548350516, 'absolute_params_change': 1.3589051766966727}}"
multistart_info,"MultistartInfo(start_parameters=[{'CRRA': 9.252286005027539, 'BeqMPC': 0.1, 'BeqInt': 1.0}, {'CRRA': 9.126453475199458, 'BeqMPC': 0.2906790394916424, 'BeqInt': 3.5175421903658908}, {'CRRA': 9.322440584641207, 'BeqMPC': 0.7448815230857944, 'BeqInt': 1.4379103720332944}, {'CRRA': 9.33955778475465, 'BeqMPC': 0.8723114851774573, 'BeqInt': 3.0816047433480884}, {'CRRA': 9.031228051405783, 'BeqMPC': 0.7848828496769337, 'BeqInt': 6.765282609445997}, {'CRRA': 9.381765604221174, 'BeqMPC': 0.5145209364879193, 'BeqInt': 5.691313847213231}, {'CRRA': 8.968027218018698, 'BeqMPC': 0.7298921310650526, 'BeqInt': 5.20398877442731}, {'CRRA': 8.97363985707155, 'BeqMPC': 0.6117667076095141, 'BeqInt': 3.1798719366676664}, {'CRRA': 9.402838773478553, 'BeqMPC': 0.5739560914944309, 'BeqInt': 1.3823616558712781}, {'CRRA': 9.407523639873784, 'BeqMPC': 0.8895404866640042, 'BeqInt': 4.62343259022388}, {'CRRA': 8.98457806661964, 'BeqMPC': 0.7886946730511547, 'BeqInt': 2.296315989458596}, {'CRRA': 9.400749838966288, 'BeqMPC': 0.9488564615910294, 'BeqInt': 2.7749995756548973}, {'CRRA': 9.38954723794298, 'BeqMPC': 0.662725580323502, 'BeqInt': 3.121670674023691}, {'CRRA': 9.383518161041245, 'BeqMPC': 0.759504597909128, 'BeqInt': 2.8718023881102943}, {'CRRA': 9.379302106212002, 'BeqMPC': 0.7607618169520517, 'BeqInt': 4.3298926153228035}, {'CRRA': 9.028346486197334, 'BeqMPC': 0.7563526897531728, 'BeqInt': 4.1875406962582895}, {'CRRA': 9.029543830480268, 'BeqMPC': 0.7767510384142444, 'BeqInt': 2.2233592446904074}, {'CRRA': 9.365859960485405, 'BeqMPC': 0.7590593874884972, 'BeqInt': 3.64674913113442}, {'CRRA': 9.362784824647694, 'BeqMPC': 0.8037374161072287, 'BeqInt': 2.696243648727881}, {'CRRA': 9.053285323418546, 'BeqMPC': 0.8715947554264483, 'BeqInt': 2.4042671548363503}, {'CRRA': 9.337620091378714, 'BeqMPC': 0.9146738532009564, 'BeqInt': 3.5612861527681616}, {'CRRA': 9.32671812489245, 'BeqMPC': 0.9605696459870783, 'BeqInt': 2.070665748843071}, {'CRRA': 9.330728753573093, 'BeqMPC': 0.8898940338177777, 'BeqInt': 3.2772185878634543}, {'CRRA': 9.323741298965675, 'BeqMPC': 0.915906535722297, 'BeqInt': 2.9087166672856672}, {'CRRA': 9.306212407928978, 'BeqMPC': 0.9441254936362525, 'BeqInt': 2.6650585597424614}, {'CRRA': 9.288884061593055, 'BeqMPC': 0.9459165299847948, 'BeqInt': 2.3101408184841463}, {'CRRA': 9.125420193866224, 'BeqMPC': 0.9318085643794514, 'BeqInt': 2.5484916291413597}, {'CRRA': 9.259619327680818, 'BeqMPC': 0.9666137205068429, 'BeqInt': 2.3802747638792083}, {'CRRA': 9.237865068344163, 'BeqMPC': 0.9797478634678287, 'BeqInt': 2.405895247589318}, {'CRRA': 9.177519709637666, 'BeqMPC': 0.975284157756393, 'BeqInt': 2.3391321528841904}], local_optima=[Minimize with 3 free parameters terminated.

The tranquilo_ls algorithm reported: Absolute criterion change smaller than tolerance., Minimize with 3 free parameters terminated.

The tranquilo_ls algorithm reported: Absolute criterion change smaller than tolerance., Minimize with 3 free parameters terminated.

The tranquilo_ls algorithm reported: Relative criterion change smaller than tolerance., Minimize with 3 free parameters terminated.

The tranquilo_ls algorithm reported: Absolute criterion change smaller than tolerance., Minimize with 3 free parameters terminated.

The tranquilo_ls algorithm reported: Absolute criterion change smaller than tolerance., Minimize with 3 free parameters terminated.

The tranquilo_ls algorithm reported: Relative criterion change smaller than tolerance., Minimize with 3 free parameters terminated.

The tranquilo_ls algorithm reported: Relative criterion change smaller than tolerance., Minimize with 3 free parameters terminated.

The tranquilo_ls algorithm reported: Absolute criterion change smaller than tolerance., Minimize with 3 free parameters terminated.

The tranquilo_ls algorithm reported: Absolute criterion change smaller than tolerance., Minimize with 3 free parameters terminated.

The tranquilo_ls algorithm reported: Absolute criterion change smaller than tolerance., Minimize with 3 free parameters terminated.

The tranquilo_ls algorithm reported: Absolute criterion change smaller than tolerance., Minimize with 3 free parameters terminated.

The tranquilo_ls algorithm reported: Relative gradient norm smaller than tolerance., Minimize with 3 free parameters terminated.

The tranquilo_ls algorithm reported: Absolute criterion change smaller than tolerance., Minimize with 3 free parameters terminated.

The tranquilo_ls algorithm reported: Absolute criterion change smaller than tolerance., Minimize with 3 free parameters terminated.

The tranquilo_ls algorithm reported: Absolute criterion change smaller than tolerance., Minimize with 3 free parameters terminated.

The tranquilo_ls algorithm reported: Relative gradient norm smaller than tolerance., Minimize with 3 free parameters terminated.

The tranquilo_ls algorithm reported: Absolute criterion change smaller than tolerance., Minimize with 3 free parameters terminated.

The tranquilo_ls algorithm reported: Absolute criterion change smaller than tolerance., Minimize with 3 free parameters terminated.

The tranquilo_ls algorithm reported: Absolute criterion change smaller than tolerance., Minimize with 3 free parameters terminated.

The tranquilo_ls algorithm reported: Absolute criterion change smaller than tolerance., Minimize with 3 free parameters terminated.

The tranquilo_ls algorithm reported: Absolute criterion change smaller than tolerance., Minimize with 3 free parameters terminated.

The tranquilo_ls algorithm reported: Absolute criterion change smaller than tolerance., Minimize with 3 free parameters terminated.

The tranquilo_ls algorithm reported: Relative criterion change smaller than tolerance., Minimize with 3 free parameters terminated.

The tranquilo_ls algorithm reported: Absolute criterion change smaller than tolerance., Minimize with 3 free parameters terminated.

The tranquilo_ls algorithm reported: Absolute criterion change smaller than tolerance., Minimize with 3 free parameters terminated.

The tranquilo_ls algorithm reported: Absolute criterion change smaller than tolerance., Minimize with 3 free parameters terminated.

The tranquilo_ls algorithm reported: Absolute criterion change smaller than tolerance., Minimize with 3 free parameters terminated.

The tranquilo_ls algorithm reported: Absolute criterion change smaller than tolerance., Minimize with 3 free parameters terminated.

The tranquilo_ls algorithm reported: Absolute criterion change smaller than tolerance., Minimize with 3 free parameters terminated.

The tranquilo_ls algorithm reported: Absolute criterion change smaller than tolerance.], exploration_sample=[{'CRRA': 9.252286005027539, 'BeqMPC': 0.1, 'BeqInt': 1.0}, {'CRRA': 9.104735195546091, 'BeqMPC': 0.2624812182187312, 'BeqInt': 3.8798013708062906}, {'CRRA': 9.365771123412717, 'BeqMPC': 0.9262718578730134, 'BeqInt': 0.727972723897321}, {'CRRA': 9.406252578586042, 'BeqMPC': 0.8186883418662745, 'BeqInt': 3.418058358027486}, {'CRRA': 8.93683263928457, 'BeqMPC': 0.6679063947644391, 'BeqInt': 9.302468596142607}, {'CRRA': 9.510376712472087, 'BeqMPC': 0.18768959746120337, 'BeqInt': 7.993651794194136}, {'CRRA': 8.7841231705693, 'BeqMPC': 0.520868449790835, 'BeqInt': 7.509598350648099}, {'CRRA': 8.7664767537991, 'BeqMPC': 0.2599688463866625, 'BeqInt': 3.9514808801247447}, {'CRRA': 9.624403638852506, 'BeqMPC': 0.13155651610928626, 'BeqInt': 0.34472621213889276}, {'CRRA': 9.664478662469, 'BeqMPC': 0.7699884470466524, 'BeqInt': 7.3716691712215034}, {'CRRA': 8.696664914684444, 'BeqMPC': 0.5160838994371881, 'BeqInt': 2.21738346375423}, {'CRRA': 9.716055832169692, 'BeqMPC': 0.888370757870457, 'BeqInt': 3.4211025444962164}, {'CRRA': 9.723722319500245, 'BeqMPC': 0.10255989726877791, 'BeqInt': 4.442477382583441}, {'CRRA': 9.746010471300535, 'BeqMPC': 0.3188360874247332, 'BeqInt': 3.8690953053548682}, {'CRRA': 9.775889237424307, 'BeqMPC': 0.27030641238553205, 'BeqInt': 8.589445359931378}, {'CRRA': 8.625176114736279, 'BeqMPC': 0.1964798576193547, 'BeqInt': 8.61386145000252}, {'CRRA': 8.580590618937247, 'BeqMPC': 0.20403262577616346, 'BeqInt': 1.8693459750543218}, {'CRRA': 9.885053766093165, 'BeqMPC': 0.06117680527169106, 'BeqInt': 7.582688959408785}, {'CRRA': 9.938189968531425, 'BeqMPC': 0.1696284331982978, 'BeqInt': 3.872022229970118}, {'CRRA': 8.499579198102628, 'BeqMPC': 0.41687044041964705, 'BeqInt': 2.5998089731525753}, {'CRRA': 9.970671108268519, 'BeqMPC': 0.5872547829874906, 'BeqInt': 8.932654747964552}, {'CRRA': 9.999636931909766, 'BeqMPC': 0.8187361097314935, 'BeqInt': 0.6188659293023557}, {'CRRA': 10.137792299103396, 'BeqMPC': 0.303506523205546, 'BeqInt': 8.78022123848898}, {'CRRA': 10.227427545384431, 'BeqMPC': 0.4066664657882077, 'BeqInt': 6.812265226661125}, {'CRRA': 10.24549512725144, 'BeqMPC': 0.5702152593180709, 'BeqInt': 5.299553542009251}, {'CRRA': 10.268912631723964, 'BeqMPC': 0.5022785288376759, 'BeqInt': 1.8495851351993164}, {'CRRA': 8.182683920197825, 'BeqMPC': 0.1707287915951476, 'BeqInt': 5.169321662904373}, {'CRRA': 10.447845832992035, 'BeqMPC': 0.5664497762288808, 'BeqInt': 2.8641889737855966}, {'CRRA': 10.449316878763744, 'BeqMPC': 0.7372364854756918, 'BeqInt': 3.881652801968758}, {'CRRA': 8.134808623070095, 'BeqMPC': 0.21627518459127465, 'BeqInt': 1.4636579126801175}, {'CRRA': 8.077291930720154, 'BeqMPC': 0.3037035346867254, 'BeqInt': 1.0980655726225241}, {'CRRA': 8.072935500977344, 'BeqMPC': 0.8799196732172724, 'BeqInt': 4.7400262245590525}, {'CRRA': 10.573680470037262, 'BeqMPC': 0.0632761919075878, 'BeqInt': 4.675008105065098}, {'CRRA': 10.61470150412639, 'BeqMPC': 0.303976838497151, 'BeqInt': 1.7050995833229776}, {'CRRA': 8.015046757200734, 'BeqMPC': 0.5848681913003799, 'BeqInt': 4.215423077966989}, {'CRRA': 7.8630327035732375, 'BeqMPC': 0.04098149948255593, 'BeqInt': 8.334678217210428}, {'CRRA': 10.879784021816258, 'BeqMPC': 0.7955078482563153, 'BeqInt': 0.6985709575546961}, {'CRRA': 11.142133009087255, 'BeqMPC': 0.9790960743059761, 'BeqInt': 6.042225047995529}, {'CRRA': 7.680095561352344, 'BeqMPC': 0.60523948101017, 'BeqInt': 9.620193289170677}, {'CRRA': 11.187447551578844, 'BeqMPC': 0.4277830978913001, 'BeqInt': 2.535462596688074}, {'CRRA': 11.247845535554989, 'BeqMPC': 0.024098871486865372, 'BeqInt': 8.462873976024788}, {'CRRA': 7.632333771495674, 'BeqMPC': 0.017142106478417463, 'BeqInt': 4.273065534549307}, {'CRRA': 11.297933002352496, 'BeqMPC': 0.5217172536041795, 'BeqInt': 3.63838444783413}, {'CRRA': 11.32613662377003, 'BeqMPC': 0.8994010150701213, 'BeqInt': 2.9863046979942642}, {'CRRA': 11.419282875006179, 'BeqMPC': 0.5520221431292012, 'BeqInt': 7.200370137284572}, {'CRRA': 7.480165723917054, 'BeqMPC': 0.049447007987070746, 'BeqInt': 6.5479377973755435}, {'CRRA': 11.568257361757695, 'BeqMPC': 0.0751849682540902, 'BeqInt': 3.8049202680484804}, {'CRRA': 7.438202912048862, 'BeqMPC': 0.971638152533408, 'BeqInt': 9.249332377738815}, {'CRRA': 11.654223337564536, 'BeqMPC': 0.4459221825578339, 'BeqInt': 1.5017073090520516}, {'CRRA': 7.382599631093594, 'BeqMPC': 0.7216649497556943, 'BeqInt': 7.988575344034848}, {'CRRA': 11.771266920694467, 'BeqMPC': 0.6086634624324595, 'BeqInt': 2.542491681684794}, {'CRRA': 7.276351889406968, 'BeqMPC': 0.14654475382656626, 'BeqInt': 4.403748849923014}, {'CRRA': 12.090489992958501, 'BeqMPC': 0.44085240099184264, 'BeqInt': 4.092310750641221}, {'CRRA': 7.130992270024038, 'BeqMPC': 0.5749092036006077, 'BeqInt': 1.0973250757854436}, {'CRRA': 7.122079469778129, 'BeqMPC': 0.12815216326490078, 'BeqInt': 5.58107706505075}, {'CRRA': 12.313230204693827, 'BeqMPC': 0.8977655858483365, 'BeqInt': 9.439867193634502}, {'CRRA': 12.351503149973576, 'BeqMPC': 0.1294966728218374, 'BeqInt': 8.777108727468146}, {'CRRA': 12.379100049377358, 'BeqMPC': 0.18945393756377485, 'BeqInt': 5.90090059895812}, {'CRRA': 12.458154994447353, 'BeqMPC': 0.439695036405387, 'BeqInt': 8.80952392792686}, {'CRRA': 12.477680547989085, 'BeqMPC': 0.4394961477351732, 'BeqInt': 5.733226812511384}, {'CRRA': 7.024900075780042, 'BeqMPC': 0.7793744585838782, 'BeqInt': 0.954479247573603}, {'CRRA': 7.021659365895882, 'BeqMPC': 0.7128166142329619, 'BeqInt': 2.2860517543560177}, {'CRRA': 12.529625536364428, 'BeqMPC': 0.42199371553264187, 'BeqInt': 8.588484917073206}, {'CRRA': 12.54693406704212, 'BeqMPC': 0.6235216040888955, 'BeqInt': 3.759657185677363}, {'CRRA': 12.562056668537753, 'BeqMPC': 0.7827907421491852, 'BeqInt': 1.2060081777400822}, {'CRRA': 12.621578263942475, 'BeqMPC': 0.5440315172799709, 'BeqInt': 3.5740902145023643}, {'CRRA': 6.970425357090951, 'BeqMPC': 0.669927405507006, 'BeqInt': 8.502497434840775}, {'CRRA': 12.656571640926071, 'BeqMPC': 0.9442803451598867, 'BeqInt': 0.8640173177050192}, {'CRRA': 12.663014875546894, 'BeqMPC': 0.5472406388347639, 'BeqInt': 3.117514886475019}, {'CRRA': 6.956893647454461, 'BeqMPC': 0.7674076891548393, 'BeqInt': 7.67452390956823}, {'CRRA': 6.950576917681573, 'BeqMPC': 0.5824253018834598, 'BeqInt': 4.17823768846603}, {'CRRA': 6.938502298008149, 'BeqMPC': 0.7183546227944668, 'BeqInt': 0.4252976131677866}, {'CRRA': 12.738098336510799, 'BeqMPC': 0.8460581895423359, 'BeqInt': 3.000575310644873}, {'CRRA': 6.8980117773144105, 'BeqMPC': 0.561369229648607, 'BeqInt': 7.146157044837378}, {'CRRA': 12.89107759918283, 'BeqMPC': 0.8016383041972508, 'BeqInt': 0.16331615452008785}, {'CRRA': 12.9015451373007, 'BeqMPC': 0.7420284996331531, 'BeqInt': 2.782886439232052}, {'CRRA': 12.953953996298353, 'BeqMPC': 0.9713929056881161, 'BeqInt': 9.61458790425241}, {'CRRA': 12.964854273815565, 'BeqMPC': 0.780564542192716, 'BeqInt': 6.5687265423356695}, {'CRRA': 12.98173266097819, 'BeqMPC': 0.9311224578817477, 'BeqInt': 4.519547914376916}, {'CRRA': 6.838862607508981, 'BeqMPC': 0.4403719954369601, 'BeqInt': 8.504343635279096}, {'CRRA': 13.043118325799357, 'BeqMPC': 0.8929269346877297, 'BeqInt': 4.3854526773888045}, {'CRRA': 13.069269278410873, 'BeqMPC': 0.836716715148742, 'BeqInt': 3.5961617317422636}, {'CRRA': 6.808422505746703, 'BeqMPC': 0.2042828975571165, 'BeqInt': 1.9809323798165446}, {'CRRA': 13.098234074208506, 'BeqMPC': 0.9754280928920831, 'BeqInt': 0.4121882321591719}, {'CRRA': 13.1725868883877, 'BeqMPC': 0.8096508238222114, 'BeqInt': 9.76011824160372}, {'CRRA': 13.2120772457079, 'BeqMPC': 0.9737811001484625, 'BeqInt': 8.846323394682452}, {'CRRA': 13.24289642411419, 'BeqMPC': 0.44188576982294864, 'BeqInt': 9.28551751309688}, {'CRRA': 13.277246091245406, 'BeqMPC': 0.600069355099436, 'BeqInt': 3.350610986750725}, {'CRRA': 6.71350412457374, 'BeqMPC': 0.5693357984134905, 'BeqInt': 6.024815130607388}, {'CRRA': 13.366010755336786, 'BeqMPC': 0.45814311123376644, 'BeqInt': 0.5994294094385022}, {'CRRA': 13.404504526506907, 'BeqMPC': 0.7989244320607023, 'BeqInt': 4.976512003516699}, {'CRRA': 6.682901673121648, 'BeqMPC': 0.29644774974406557, 'BeqInt': 1.7708278651441178}, {'CRRA': 13.437998790985215, 'BeqMPC': 0.8917702647749989, 'BeqInt': 7.910729746313445}, {'CRRA': 13.495139592138106, 'BeqMPC': 0.1525113719301578, 'BeqInt': 8.081249330921255}, {'CRRA': 13.561332033774548, 'BeqMPC': 0.6643296399832941, 'BeqInt': 6.073551178327712}, {'CRRA': 13.650625571626001, 'BeqMPC': 0.32333306024097863, 'BeqInt': 4.19421233725825}, {'CRRA': 6.5738227199970325, 'BeqMPC': 0.00964323488423292, 'BeqInt': 1.7437815448795324}, {'CRRA': 13.785068947029885, 'BeqMPC': 0.498814770545731, 'BeqInt': 0.8092126836653013}, {'CRRA': 6.557726386287115, 'BeqMPC': 0.7631720245705709, 'BeqInt': 4.537932695933299}, {'CRRA': 13.927897798389848, 'BeqMPC': 0.6661005928215183, 'BeqInt': 2.0100112449529552}, {'CRRA': 6.508187104762175, 'BeqMPC': 0.4381536260690558, 'BeqInt': 4.41832364547614}, {'CRRA': 14.042780999424638, 'BeqMPC': 0.4637505133952435, 'BeqInt': 0.9337051091260717}, {'CRRA': 14.046980698175576, 'BeqMPC': 0.92015738756385, 'BeqInt': 4.018435929423244}, {'CRRA': 14.055652352100312, 'BeqMPC': 0.5859662597134577, 'BeqInt': 0.8638680279040389}, {'CRRA': 14.132647111473378, 'BeqMPC': 0.41065656786497884, 'BeqInt': 7.268107256331438}, {'CRRA': 14.157811493367811, 'BeqMPC': 0.6931675385354885, 'BeqInt': 3.030801478977784}, {'CRRA': 6.4338541193198555, 'BeqMPC': 0.015400526290504743, 'BeqInt': 5.436172511555663}, {'CRRA': 14.225579963360172, 'BeqMPC': 0.08057464863906204, 'BeqInt': 4.785276019012754}, {'CRRA': 14.25431428818259, 'BeqMPC': 0.3509974637473172, 'BeqInt': 3.1929146476723624}, {'CRRA': 14.354067549865823, 'BeqMPC': 0.27714537153528324, 'BeqInt': 7.099091801451383}, {'CRRA': 14.429563026677084, 'BeqMPC': 0.5063932107129332, 'BeqInt': 0.38071724262611295}, {'CRRA': 6.372266714997888, 'BeqMPC': 0.8287775959650973, 'BeqInt': 8.974473896748833}, {'CRRA': 14.4326880881607, 'BeqMPC': 0.8814068939587606, 'BeqInt': 8.866805829522486}, {'CRRA': 14.43796270139811, 'BeqMPC': 0.1298971123910551, 'BeqInt': 9.948227749730881}, {'CRRA': 14.517857191407344, 'BeqMPC': 0.827993665836465, 'BeqInt': 1.133410264914374}, {'CRRA': 14.533571991027983, 'BeqMPC': 0.6220842869482596, 'BeqInt': 2.9426797175248853}, {'CRRA': 14.57092077011605, 'BeqMPC': 0.08161895560924844, 'BeqInt': 8.941169431142962}, {'CRRA': 6.31432095043154, 'BeqMPC': 0.11700397559346468, 'BeqInt': 6.675306712637865}, {'CRRA': 14.642383515359294, 'BeqMPC': 0.7169375074468428, 'BeqInt': 7.535778538972302}, {'CRRA': 6.289773457760752, 'BeqMPC': 0.6639660878154124, 'BeqInt': 1.6978614171015827}, {'CRRA': 14.771192784425569, 'BeqMPC': 0.7784578297849004, 'BeqInt': 9.778622333194644}, {'CRRA': 14.794227228691812, 'BeqMPC': 0.1519028812206361, 'BeqInt': 5.204341046619253}, {'CRRA': 14.898902704753754, 'BeqMPC': 0.8351243189631955, 'BeqInt': 4.323139765293144}, {'CRRA': 14.905267577943173, 'BeqMPC': 0.6411833484294971, 'BeqInt': 6.01623594811867}, {'CRRA': 6.238327947022652, 'BeqMPC': 0.8459142572409446, 'BeqInt': 7.6151465005773815}, {'CRRA': 15.067207501452824, 'BeqMPC': 0.8494350966419727, 'BeqInt': 6.674801051695823}, {'CRRA': 15.085383232190054, 'BeqMPC': 0.10942688104883888, 'BeqInt': 1.9909672392306843}, {'CRRA': 6.1906526766068275, 'BeqMPC': 0.5795354048736499, 'BeqInt': 9.802003347254546}, {'CRRA': 15.122556192943595, 'BeqMPC': 0.8917696489065686, 'BeqInt': 5.647452352241025}, {'CRRA': 15.128636450093472, 'BeqMPC': 0.12436458223589482, 'BeqInt': 7.1520413912560326}, {'CRRA': 15.200890084858957, 'BeqMPC': 0.29324497495568735, 'BeqInt': 5.196157203053343}, {'CRRA': 15.208163653624993, 'BeqMPC': 0.7617210088726691, 'BeqInt': 2.032390355777909}, {'CRRA': 15.240509220958385, 'BeqMPC': 0.7982127170708605, 'BeqInt': 5.687389685776086}, {'CRRA': 15.282414691587263, 'BeqMPC': 0.47835571464134585, 'BeqInt': 8.834522505647953}, {'CRRA': 15.310982285782858, 'BeqMPC': 0.3064732825038639, 'BeqInt': 8.155897785700038}, {'CRRA': 15.48407004760749, 'BeqMPC': 0.22284531900633678, 'BeqInt': 2.4949776188579076}, {'CRRA': 15.498582043653785, 'BeqMPC': 0.24125500607683176, 'BeqInt': 5.293135234158277}, {'CRRA': 15.589489222738449, 'BeqMPC': 0.7765433510095267, 'BeqInt': 8.272597506071902}, {'CRRA': 15.592946835163017, 'BeqMPC': 0.6385196565330018, 'BeqInt': 6.669916070902676}, {'CRRA': 15.62126382299381, 'BeqMPC': 0.590050160622978, 'BeqInt': 3.2690009378480225}, {'CRRA': 15.660274774181955, 'BeqMPC': 0.9361213131859425, 'BeqInt': 4.146171768274004}, {'CRRA': 15.66490150574566, 'BeqMPC': 0.7138489354346682, 'BeqInt': 1.8344293894884622}, {'CRRA': 15.75051055749774, 'BeqMPC': 0.263614357504522, 'BeqInt': 6.583242977833694}, {'CRRA': 6.004998621508976, 'BeqMPC': 0.9003621119534285, 'BeqInt': 5.181697142063811}, {'CRRA': 15.905516734171192, 'BeqMPC': 0.5289202112842599, 'BeqInt': 3.7563499223414007}, {'CRRA': 15.951788675691608, 'BeqMPC': 0.7605119808382368, 'BeqInt': 2.565519939288856}, {'CRRA': 5.983188918624938, 'BeqMPC': 0.9828327423971309, 'BeqInt': 2.4394617992346057}, {'CRRA': 16.014922574278973, 'BeqMPC': 0.042369535237121794, 'BeqInt': 4.649190726780286}, {'CRRA': 16.1228887107004, 'BeqMPC': 0.37055923672558017, 'BeqInt': 1.3120206768845133}, {'CRRA': 5.943333844895193, 'BeqMPC': 0.0511099823151411, 'BeqInt': 2.620782460319866}, {'CRRA': 5.933283525116336, 'BeqMPC': 0.4050223843736256, 'BeqInt': 3.9971317970368156}, {'CRRA': 5.933053889485979, 'BeqMPC': 0.7116622796087364, 'BeqInt': 4.9551267640281615}, {'CRRA': 5.919566039742534, 'BeqMPC': 0.5464679356366847, 'BeqInt': 2.932208484121037}, {'CRRA': 16.30156467417773, 'BeqMPC': 0.5031426036865355, 'BeqInt': 8.08588315792878}, {'CRRA': 16.422725449977058, 'BeqMPC': 0.13211476381161466, 'BeqInt': 5.1000550713782475}, {'CRRA': 16.434256109758856, 'BeqMPC': 0.17587112499919622, 'BeqInt': 9.506491622759546}, {'CRRA': 5.87641554518618, 'BeqMPC': 0.8177312948263737, 'BeqInt': 5.95154011620234}, {'CRRA': 16.516304535692793, 'BeqMPC': 0.015037460503590564, 'BeqInt': 4.302153435844954}, {'CRRA': 16.518839195772966, 'BeqMPC': 0.3644041726580959, 'BeqInt': 6.933627620785408}, {'CRRA': 16.593466158871056, 'BeqMPC': 0.7980681556145492, 'BeqInt': 9.412623189038314}, {'CRRA': 16.607739120358104, 'BeqMPC': 0.5692306354606479, 'BeqInt': 4.828983224879867}, {'CRRA': 16.61089876678241, 'BeqMPC': 0.8853646891081571, 'BeqInt': 6.312273815596281}, {'CRRA': 5.83964477518713, 'BeqMPC': 0.6650812342236759, 'BeqInt': 0.028746008496001174}, {'CRRA': 16.646257124335722, 'BeqMPC': 0.3845419223365123, 'BeqInt': 6.772954287181529}, {'CRRA': 16.648570853494437, 'BeqMPC': 0.30362920543860333, 'BeqInt': 2.691053782181382}, {'CRRA': 16.734113731845394, 'BeqMPC': 0.2162143519391142, 'BeqInt': 3.284861920189188}, {'CRRA': 16.860774120326983, 'BeqMPC': 0.7285705088401232, 'BeqInt': 7.25250452505663}, {'CRRA': 16.89071441332182, 'BeqMPC': 0.8171802199300054, 'BeqInt': 0.14122702169572787}, {'CRRA': 16.907383411318307, 'BeqMPC': 0.44816068438790396, 'BeqInt': 1.8498228399615813}, {'CRRA': 16.946670412620797, 'BeqMPC': 0.7857922031451087, 'BeqInt': 1.8948480890805275}, {'CRRA': 17.037685828148675, 'BeqMPC': 0.9522232596785513, 'BeqInt': 2.234933520093386}, {'CRRA': 17.043279955657415, 'BeqMPC': 0.14360528317120513, 'BeqInt': 4.213616391928965}, {'CRRA': 17.046458261615523, 'BeqMPC': 0.539470953641713, 'BeqInt': 2.5504136227614147}, {'CRRA': 5.738364143493442, 'BeqMPC': 0.2233707740398971, 'BeqInt': 8.113971600051455}, {'CRRA': 17.176901714012597, 'BeqMPC': 0.22813365141193567, 'BeqInt': 9.129413509248467}, {'CRRA': 17.18260280803158, 'BeqMPC': 0.6712802810178221, 'BeqInt': 0.612585440973078}, {'CRRA': 5.703783650498455, 'BeqMPC': 0.8929347537573811, 'BeqInt': 1.278482948805858}, {'CRRA': 17.377188737402186, 'BeqMPC': 0.23246743816458174, 'BeqInt': 3.8434964088332513}, {'CRRA': 17.43152308166098, 'BeqMPC': 0.2904850594351076, 'BeqInt': 3.812602337038302}, {'CRRA': 17.467342684884496, 'BeqMPC': 0.3588601089430123, 'BeqInt': 6.171535905784439}, {'CRRA': 17.514152097217597, 'BeqMPC': 0.07158325824277063, 'BeqInt': 9.625490660877418}, {'CRRA': 17.583990419080468, 'BeqMPC': 0.5948929124326736, 'BeqInt': 4.188537758707623}, {'CRRA': 17.593918137338967, 'BeqMPC': 0.98582533148757, 'BeqInt': 9.927273757992355}, {'CRRA': 17.637739950081865, 'BeqMPC': 0.18297771009214608, 'BeqInt': 2.824850099040556}, {'CRRA': 17.664069402163243, 'BeqMPC': 0.5697394008223952, 'BeqInt': 6.478759481578212}, {'CRRA': 17.684969098386016, 'BeqMPC': 0.6056238122949186, 'BeqInt': 3.4289831700011586}, {'CRRA': 17.76084233130399, 'BeqMPC': 0.0042555059175192304, 'BeqInt': 5.0566581994380035}, {'CRRA': 17.854710424686587, 'BeqMPC': 0.014816124108821237, 'BeqInt': 2.969565282170714}, {'CRRA': 17.90623853361033, 'BeqMPC': 0.3895333365588341, 'BeqInt': 3.8802172168317917}, {'CRRA': 17.98892147420999, 'BeqMPC': 0.019975635930336, 'BeqInt': 8.118382391559905}, {'CRRA': 18.04858242451527, 'BeqMPC': 0.1775093633136458, 'BeqInt': 8.92845817988632}, {'CRRA': 18.081945131869478, 'BeqMPC': 0.09836250662605468, 'BeqInt': 3.8275333435519876}, {'CRRA': 18.12187356515548, 'BeqMPC': 0.25001194011153094, 'BeqInt': 7.773595709459922}, {'CRRA': 5.54383710979965, 'BeqMPC': 0.5761633465763398, 'BeqInt': 3.1898209806244813}, {'CRRA': 18.25757885430432, 'BeqMPC': 0.19486591693357166, 'BeqInt': 8.37539492441042}, {'CRRA': 18.295322658767564, 'BeqMPC': 0.08189730960845362, 'BeqInt': 1.144962436899536}, {'CRRA': 5.530076469862131, 'BeqMPC': 0.26256144531810766, 'BeqInt': 7.927593114383184}, {'CRRA': 18.334557965905116, 'BeqMPC': 0.15910270167775295, 'BeqInt': 6.39308110474142}, {'CRRA': 18.334620809853792, 'BeqMPC': 0.5254150731301861, 'BeqInt': 9.006653707658165}, {'CRRA': 18.54672467120796, 'BeqMPC': 0.08592058726437307, 'BeqInt': 3.0980353843222677}, {'CRRA': 18.594670999959902, 'BeqMPC': 0.10412787797300879, 'BeqInt': 4.448785780782581}, {'CRRA': 18.62534222567132, 'BeqMPC': 0.5905851756128397, 'BeqInt': 9.692280853243702}, {'CRRA': 18.63996989206869, 'BeqMPC': 0.2619671703326806, 'BeqInt': 0.20465471585672357}, {'CRRA': 18.756322599235524, 'BeqMPC': 0.027648646371073886, 'BeqInt': 5.771401614129829}, {'CRRA': 18.777559614921472, 'BeqMPC': 0.349880265406821, 'BeqInt': 3.4348815521301934}, {'CRRA': 18.780973397783864, 'BeqMPC': 0.3343110893478887, 'BeqInt': 6.728713299106738}, {'CRRA': 5.453697272983389, 'BeqMPC': 0.7125129120612649, 'BeqInt': 7.507441240782003}, {'CRRA': 18.976782882851904, 'BeqMPC': 0.23215418255764428, 'BeqInt': 0.6299614347944493}, {'CRRA': 18.99192804124989, 'BeqMPC': 0.519763965166839, 'BeqInt': 0.9701346163446123}, {'CRRA': 19.025426688288018, 'BeqMPC': 0.1439135593377625, 'BeqInt': 2.5466044147783617}, {'CRRA': 19.040603072639826, 'BeqMPC': 0.47210179631885846, 'BeqInt': 8.476743528160371}, {'CRRA': 5.3878143734244865, 'BeqMPC': 0.19501037885146055, 'BeqInt': 1.1474727846262778}, {'CRRA': 19.250868463817934, 'BeqMPC': 0.8670225535388364, 'BeqInt': 8.773968939439062}, {'CRRA': 19.261775114558127, 'BeqMPC': 0.6055231953161107, 'BeqInt': 6.541287569292056}, {'CRRA': 19.307930831138997, 'BeqMPC': 0.4741515714772785, 'BeqInt': 0.8189846975498016}, {'CRRA': 5.376419681422567, 'BeqMPC': 0.48608560766415226, 'BeqInt': 2.0487388615259383}, {'CRRA': 19.43605476463507, 'BeqMPC': 0.5207419079845588, 'BeqInt': 5.954905217283639}, {'CRRA': 19.45611169164578, 'BeqMPC': 0.09243147545258824, 'BeqInt': 7.643632341659572}, {'CRRA': 19.603250851092472, 'BeqMPC': 0.5763088520200177, 'BeqInt': 2.5102214970677563}, {'CRRA': 19.606980318483988, 'BeqMPC': 0.27522247346554923, 'BeqInt': 4.494041115382698}, {'CRRA': 19.650831475304987, 'BeqMPC': 0.9450649240108057, 'BeqInt': 9.921828162045493}, {'CRRA': 19.726198674665667, 'BeqMPC': 0.6893391324841271, 'BeqInt': 6.694257495703316}, {'CRRA': 19.746193172930187, 'BeqMPC': 0.45152274731737807, 'BeqInt': 3.163860871378005}, {'CRRA': 19.80996338314054, 'BeqMPC': 0.3222538416322097, 'BeqInt': 2.1384755381356637}, {'CRRA': 19.8480315140554, 'BeqMPC': 0.4032469429736844, 'BeqInt': 5.33821205037269}, {'CRRA': 19.853497141035643, 'BeqMPC': 0.984158917228607, 'BeqInt': 7.360683804681375}, {'CRRA': 19.976046308226863, 'BeqMPC': 0.3381421896053313, 'BeqInt': 5.206473798658918}, {'CRRA': 5.258797732631045, 'BeqMPC': 0.8281172114615527, 'BeqInt': 9.494635101384716}, {'CRRA': 5.201729587125161, 'BeqMPC': 0.7926913355870265, 'BeqInt': 0.9903547955091696}, {'CRRA': 5.1515082748888155, 'BeqMPC': 0.10669024502455429, 'BeqInt': 5.735525666682436}, {'CRRA': 5.118559370961606, 'BeqMPC': 0.5462465903570967, 'BeqInt': 6.854190901103577}, {'CRRA': 5.08514891599643, 'BeqMPC': 0.9189402349342789, 'BeqInt': 8.049275538838643}, {'CRRA': 4.881169500005732, 'BeqMPC': 0.2911432431471046, 'BeqInt': 9.063974538270807}, {'CRRA': 4.794483123823997, 'BeqMPC': 0.9364898697034381, 'BeqInt': 0.5693412616588078}, {'CRRA': 4.705332430668275, 'BeqMPC': 0.6540401076157821, 'BeqInt': 5.063781521996691}, {'CRRA': 4.673049272986383, 'BeqMPC': 0.6262571805695005, 'BeqInt': 8.996476377929861}, {'CRRA': 4.664422645511596, 'BeqMPC': 0.222066909145883, 'BeqInt': 1.867678524842602}, {'CRRA': 4.661112494547277, 'BeqMPC': 0.5342226199500902, 'BeqInt': 2.2417522335100304}, {'CRRA': 4.452857242371072, 'BeqMPC': 0.3701354633356094, 'BeqInt': 3.596698528004647}, {'CRRA': 4.377222715674342, 'BeqMPC': 0.025389833478820775, 'BeqInt': 1.7909232192226099}, {'CRRA': 4.369923654265108, 'BeqMPC': 0.03608763100288134, 'BeqInt': 8.614043485441918}, {'CRRA': 4.365994274539354, 'BeqMPC': 0.8799384335781488, 'BeqInt': 0.7888129872908622}, {'CRRA': 4.3488981562807325, 'BeqMPC': 0.13360517845084335, 'BeqInt': 9.552566405832849}, {'CRRA': 4.2339598795148845, 'BeqMPC': 0.2946519865462312, 'BeqInt': 9.491562269850519}, {'CRRA': 4.194493531170816, 'BeqMPC': 0.13454451468949455, 'BeqInt': 5.839180950290182}, {'CRRA': 4.18074405742292, 'BeqMPC': 0.5911270047961148, 'BeqInt': 7.90670871143897}, {'CRRA': 4.080432120959404, 'BeqMPC': 0.2971962932511812, 'BeqInt': 2.2975544038256226}, {'CRRA': 4.045277142378319, 'BeqMPC': 0.8813161667918085, 'BeqInt': 5.3216671106927125}, {'CRRA': 4.0154268427978685, 'BeqMPC': 0.9690211703228131, 'BeqInt': 7.044905986830995}, {'CRRA': 3.978992785010115, 'BeqMPC': 0.66797244016504, 'BeqInt': 7.126584134118157}, {'CRRA': 3.972812525408059, 'BeqMPC': 0.825727503898913, 'BeqInt': 2.5939258906877893}, {'CRRA': 3.9253694651387074, 'BeqMPC': 0.921247912746807, 'BeqInt': 8.970637178608511}, {'CRRA': 3.9130916413329975, 'BeqMPC': 0.49523514449260614, 'BeqInt': 9.490339930933686}, {'CRRA': 3.8064213296476326, 'BeqMPC': 0.9137510126448174, 'BeqInt': 0.25882778597384304}, {'CRRA': 3.795252051573828, 'BeqMPC': 0.7076511758474359, 'BeqInt': 0.223583090405427}, {'CRRA': 3.7615939508628498, 'BeqMPC': 0.743673148075756, 'BeqInt': 7.964559642286238}, {'CRRA': 3.7584467731506033, 'BeqMPC': 0.314851202492993, 'BeqInt': 4.617402797398507}, {'CRRA': 3.747927461371536, 'BeqMPC': 0.3996787099411008, 'BeqInt': 3.3541992486068506}, {'CRRA': 3.7436074190699276, 'BeqMPC': 0.9090524969988903, 'BeqInt': 4.147399674117736}, {'CRRA': 3.5831679051383327, 'BeqMPC': 0.8118761634143621, 'BeqInt': 3.006246046948111}, {'CRRA': 3.538286790418201, 'BeqMPC': 0.34958654464939026, 'BeqInt': 2.708063463196535}, {'CRRA': 3.420623883326965, 'BeqMPC': 0.40045216674135453, 'BeqInt': 5.295348669319038}, {'CRRA': 3.3991644961117484, 'BeqMPC': 0.10373383320622707, 'BeqInt': 2.6261419533613264}, {'CRRA': 3.3892684800912627, 'BeqMPC': 0.30013382745085504, 'BeqInt': 6.167437733026805}, {'CRRA': 3.359163657092362, 'BeqMPC': 0.12684571528916133, 'BeqInt': 1.4975369339820044}, {'CRRA': 3.3411833932681576, 'BeqMPC': 0.4913785569130518, 'BeqInt': 4.166756937289109}, {'CRRA': 3.183045958366362, 'BeqMPC': 0.4207042715535728, 'BeqInt': 7.926006766477051}, {'CRRA': 3.163928899592325, 'BeqMPC': 0.47062046036217264, 'BeqInt': 8.193586706471665}, {'CRRA': 3.124785707862371, 'BeqMPC': 0.9267444592703377, 'BeqInt': 5.2765579925133865}, {'CRRA': 3.0987638828709407, 'BeqMPC': 0.3683817105704803, 'BeqInt': 7.378192587344612}, {'CRRA': 3.0837006490587155, 'BeqMPC': 0.7798020765114619, 'BeqInt': 3.5636864368378007}, {'CRRA': 3.057098414016127, 'BeqMPC': 0.6250258628063206, 'BeqInt': 3.0676101190320137}, {'CRRA': 2.9420140535883412, 'BeqMPC': 0.4690554015301835, 'BeqInt': 8.31578003454591}, {'CRRA': 2.9334638945664944, 'BeqMPC': 0.9803089915679414, 'BeqInt': 9.46456646624662}, {'CRRA': 2.9109211127570833, 'BeqMPC': 0.4149245838212034, 'BeqInt': 4.663138121434054}, {'CRRA': 2.7689980408695822, 'BeqMPC': 0.8247529315452796, 'BeqInt': 2.0557623766860553}, {'CRRA': 2.673930768636683, 'BeqMPC': 0.08615363100799511, 'BeqInt': 6.073881216508907}, {'CRRA': 2.5879586856577435, 'BeqMPC': 0.6798458176959616, 'BeqInt': 3.968671384421186}, {'CRRA': 2.537057729466054, 'BeqMPC': 0.7663087665884714, 'BeqInt': 3.2226712208794606}, {'CRRA': 2.4972699659750104, 'BeqMPC': 0.8907993204758304, 'BeqInt': 5.601542773775757}, {'CRRA': 1.1356270821833174, 'BeqMPC': 0.29891627953126193, 'BeqInt': 5.3532455949446245}, {'CRRA': 2.25166472120938, 'BeqMPC': 0.23657036177130755, 'BeqInt': 3.8605325819064973}, {'CRRA': 1.2601464911338645, 'BeqMPC': 0.6821187316122623, 'BeqInt': 8.618863013858533}, {'CRRA': 2.202581217640148, 'BeqMPC': 0.5345880802824552, 'BeqInt': 1.715012651778176}, {'CRRA': 1.307967909797316, 'BeqMPC': 0.05980275101250666, 'BeqInt': 5.651107087850614}, {'CRRA': 1.3310063252128768, 'BeqMPC': 0.6872537228589852, 'BeqInt': 4.73303247128774}, {'CRRA': 1.349409186216512, 'BeqMPC': 0.4257103015783994, 'BeqInt': 1.3651221674130376}, {'CRRA': 1.3972567108326175, 'BeqMPC': 0.8168871236298857, 'BeqInt': 2.4174061078039055}, {'CRRA': 2.0332379676280086, 'BeqMPC': 0.5321670937077679, 'BeqInt': 9.210298180826943}, {'CRRA': 2.0279119212147756, 'BeqMPC': 0.7875834647060873, 'BeqInt': 1.1923616443221219}, {'CRRA': 2.0080951691723365, 'BeqMPC': 0.06459684211848812, 'BeqInt': 6.375501889397911}, {'CRRA': 1.9997645034986444, 'BeqMPC': 0.7525449615933927, 'BeqInt': 3.598238132008824}, {'CRRA': 1.43276542754788, 'BeqMPC': 0.13846337165485678, 'BeqInt': 1.3137639092407116}, {'CRRA': 1.955981986765373, 'BeqMPC': 0.3959473584452101, 'BeqInt': 7.416061489434624}, {'CRRA': 1.9375694030238149, 'BeqMPC': 0.4831879497206678, 'BeqInt': 1.0569230725417966}, {'CRRA': 1.906074277010503, 'BeqMPC': 0.4450955467565023, 'BeqInt': 2.8488524998263784}, {'CRRA': 1.8361872103397712, 'BeqMPC': 0.24962394137821772, 'BeqInt': 0.6689188526168321}, {'CRRA': 1.7881893287079533, 'BeqMPC': 0.040049684477364046, 'BeqInt': 4.006919000075309}, {'CRRA': 1.787564473167436, 'BeqMPC': 0.5885035809501021, 'BeqInt': 3.0224656618555357}, {'CRRA': 1.759522673582481, 'BeqMPC': 0.6581630820876345, 'BeqInt': 4.019126597874339}], exploration_results=[1.0492750501918844, 1.0494712431312483, 1.0498322347668243, 1.0502965909836903, 1.0509901153886019, 1.0520494006286225, 1.0537837937784222, 1.0541591884981527, 1.0542681677670898, 1.055245772304377, 1.0563401940204733, 1.0567525777344229, 1.056969153835642, 1.0574827492564542, 1.058173291643426, 1.0588057951949503, 1.06074443271001, 1.061676521246991, 1.0635494052758283, 1.0643493652455271, 1.0647054008137604, 1.0659236448676732, 1.071731735233521, 1.0759646627714894, 1.0768273793353405, 1.0779412614947181, 1.0838865861592133, 1.087056869740605, 1.087119750967985, 1.087518670101727, 1.0919871046386096, 1.0924048355084601, 1.0939615932383597, 1.0964932541168628, 1.0974013256559345, 1.1129354590083234, 1.1131817088529983, 1.1323252401196844, 1.1348756930789492, 1.1357654012024254, 1.1404113846274546, 1.1412704849835216, 1.1442619119038613, 1.1463415683823646, 1.154039911386585, 1.1640823662009832, 1.1666190063516322, 1.1710130665134142, 1.1739016428424138, 1.1803662814465676, 1.1843488550613177, 1.200088371952101, 1.2134154855999022, 1.2300197746155916, 1.2320197187457373, 1.235033256045164, 1.2385676394123657, 1.2414101366005756, 1.2493623876647064, 1.2512008618647203, 1.2548115316143573, 1.2555870624184267, 1.2563962917055362, 1.2581365223442715, 1.259634477675245, 1.2658169677924183, 1.2684567633505257, 1.2694496070458905, 1.2701536825176276, 1.2716766911326178, 1.2732724135846107, 1.276563042706001, 1.277853343894789, 1.2875449080655472, 1.2937027656724558, 1.2948672338222922, 1.3005034537310325, 1.3016191488122184, 1.303458040264139, 1.3044106537760647, 1.3101644939309416, 1.312919559578912, 1.3132660196734027, 1.3160029144043275, 1.3241497751356581, 1.3285259265302003, 1.331903455802945, 1.3355943221054747, 1.3420431537006314, 1.3453720382096015, 1.349616445626129, 1.3519155585904437, 1.353267042532195, 1.3596591679831604, 1.3670631121651615, 1.3770973654464391, 1.3893832723572994, 1.3919998927316755, 1.3952680203025125, 1.4087401361160223, 1.4136651819097021, 1.421895594947154, 1.4223880392175832, 1.4234187763252173, 1.4329956176762948, 1.4358375966677681, 1.4428745839269026, 1.443537291820814, 1.4469022977017845, 1.458817855801842, 1.4677021345397194, 1.4680089140145143, 1.4680301851298072, 1.4686868743868016, 1.4779905578432935, 1.4798418696753675, 1.4842656472393556, 1.493001631324733, 1.493100136004888, 1.5041259385785661, 1.50901902923102, 1.51178476914737, 1.5248129776072585, 1.5255224282277078, 1.5276987261784385, 1.545354041292559, 1.5475915066967674, 1.5506948290325775, 1.5523011320988973, 1.5530536538915474, 1.5621470924326561, 1.5631001232422779, 1.5673003709522977, 1.5724964416036467, 1.5759624152559855, 1.5976446213023612, 1.599526324623544, 1.6110928461380887, 1.6115366180598476, 1.6151869926828708, 1.6203870748396911, 1.6210167010472556, 1.6318858402990266, 1.6474812715109528, 1.651447553647331, 1.657414459582443, 1.6597206558716266, 1.6655866286270324, 1.6793995591126427, 1.6830427574468318, 1.688983474737298, 1.6891266316995484, 1.6971991385952367, 1.702277456564861, 1.718033913064571, 1.7195477333153932, 1.7236816906999415, 1.7300010639676893, 1.7303552985667634, 1.7402040898201876, 1.742024509166371, 1.7424760306556686, 1.7465482733270952, 1.7470388287356275, 1.7473571866950497, 1.7583238998271364, 1.774965372877246, 1.7788164929701353, 1.7809669793317982, 1.7860430747619036, 1.7977353772952471, 1.7984204298513864, 1.7988066645883642, 1.8137351849519867, 1.815587044809224, 1.8162725447560386, 1.8379956139734237, 1.842207733573675, 1.849512093746422, 1.8542998049862836, 1.8604020287587142, 1.8699205377160557, 1.871199850873381, 1.8772162509364696, 1.8806661125848165, 1.8834809056800246, 1.8934022071790677, 1.9057958249077125, 1.9129178308585533, 1.924308423411305, 1.932072067583128, 1.9365683829659694, 1.9417386749658148, 1.9581028619373229, 1.9599430246651384, 1.9648402023964078, 1.96873377054472, 1.9700932701208338, 1.9701024923494561, 1.9980112015726268, 2.0043445072645865, 2.008468164222425, 2.0104264376937047, 2.0259876400978527, 2.028761459812886, 2.0292468367140075, 2.032966823817501, 2.055201471417006, 2.057161783075655, 2.0615557593885567, 2.0634760972790174, 2.091250240565943, 2.0915669060391617, 2.0930555218602884, 2.0993812939167116, 2.101693203344309, 2.1166310241647524, 2.1191847547289275, 2.1389622968190394, 2.1394374386563593, 2.145280485345272, 2.15539718317159, 2.1580319832028767, 2.1665342533159877, 2.171728654363547, 2.1724227334221946, 2.18883905388733, 2.2142646235031678, 2.272750806371072, 2.3272077054081537, 2.363924438421289, 2.4023853586367596, 2.6610083148584547, 2.786074343505355, 2.9229137406252064, 2.975376298163848, 2.9896681701356633, 2.9953461387801243, 3.375297363781762, 3.530996627919455, 3.5466907672347316, 3.555109939264536, 3.5918422422859995, 3.8558914888519817, 3.953025899814189, 3.9872941429284525, 4.2545184715895985, 4.353489365484545, 4.43996329736438, 4.548791457243367, 4.567743508862244, 4.7172777868034705, 4.756869170273141, 5.123207550965086, 5.163336823354224, 5.287787680981365, 5.299570742338787, 5.339459901194456, 5.355742307595931, 6.012969344122571, 6.208458926393832, 6.712582647558541, 6.797541379865871, 6.8352101015482605, 6.947361975589302, 7.011657080371801, 7.5122644670888485, 7.551258325391376, 7.621277310191, 7.6566735858453185, 7.674682765312145, 7.70050375442776, 7.748022797668153, 7.751225776236934, 7.75975746384381, 7.809618689641303, 7.840396849771474, 7.865864302309922, 7.88039390399054, 7.891684427722019, 7.905267816644948, 7.94918769188988, 7.950038173435703, 7.958868573589212, 7.963846741855684, 7.969683497507085, 7.974158234467842, 7.984550378086707, 7.986166019124404, 7.986828625756523, 7.989407553634549, 7.990468334782525, 7.990751233606789, 7.995752278307677, 7.9977210652743835, 8.000658953198286, 8.006107997027128, 8.008711344058359, 8.00871845686965, 8.010015275524697])"
algorithm_output,"{'states': [State(trustregion=Region(center=array([9.32244058, 0.74488152, 1.43791037]), radius=0.9322440584641207, bounds=Bounds(lower=array([1.1e+00, 1.0e-03, 0.0e+00]), upper=array([20.,  1., 10.]))), model_indices=[0], model=ScalarModel(intercept=1.0495696237525474, linear_terms=array([0., 0., 0.]), square_terms=array([[0., 0., 0.],
       [0., 0., 0.],
       [0., 0., 0.]]), scale=0.9322440584641207, shift=array([9.32244058, 0.74488152, 1.43791037])), vector_model=VectorModel(intercepts=array([ 0.06041355,  0.1576452 ,  0.19132677,  0.23398395,  0.24786574,
        0.24270369,  0.22124836,  0.00858746, -0.18959157, -0.2142166 ,
       -0.56868573, -0.56826055, -0.12995828, -0.08136512, -0.05958759,
       -0.05534402, -0.04545333]), linear_terms=array([[0., 0., 0.],
       [0., 0., 0.],
       [0., 0., 0.],
       [0., 0., 0.],
       [0., 0., 0.],
       [0., 0., 0.],
       [0., 0., 0.],
       [0., 0., 0.],
       [0., 0., 0.],
       [0., 0., 0.],
       [0., 0., 0.],
       [0., 0., 0.],
       [0., 0., 0.],
       [0., 0., 0.],
       [0., 0., 0.],
       [0., 0., 0.],
       [0., 0., 0.]]), square_terms=array([[[0., 0., 0.],
        [0., 0., 0.],
        [0., 0., 0.]],

       [[0., 0., 0.],
        [0., 0., 0.],
        [0., 0., 0.]],

       [[0., 0., 0.],
        [0., 0., 0.],
        [0., 0., 0.]],

       [[0., 0., 0.],
        [0., 0., 0.],
        [0., 0., 0.]],

       [[0., 0., 0.],
        [0., 0., 0.],
        [0., 0., 0.]],

       [[0., 0., 0.],
        [0., 0., 0.],
        [0., 0., 0.]],

       [[0., 0., 0.],
        [0., 0., 0.],
        [0., 0., 0.]],

       [[0., 0., 0.],
        [0., 0., 0.],
        [0., 0., 0.]],

       [[0., 0., 0.],
        [0., 0., 0.],
        [0., 0., 0.]],

       [[0., 0., 0.],
        [0., 0., 0.],
        [0., 0., 0.]],

       [[0., 0., 0.],
        [0., 0., 0.],
        [0., 0., 0.]],

       [[0., 0., 0.],
        [0., 0., 0.],
        [0., 0., 0.]],

       [[0., 0., 0.],
        [0., 0., 0.],
        [0., 0., 0.]],

       [[0., 0., 0.],
        [0., 0., 0.],
        [0., 0., 0.]],

       [[0., 0., 0.],
        [0., 0., 0.],
        [0., 0., 0.]],

       [[0., 0., 0.],
        [0., 0., 0.],
        [0., 0., 0.]],

       [[0., 0., 0.],
        [0., 0., 0.],
        [0., 0., 0.]]]), scale=0.9322440584641207, shift=array([9.32244058, 0.74488152, 1.43791037])), candidate_index=0, candidate_x=array([9.32244058, 0.74488152, 1.43791037]), index=0, x=array([9.32244058, 0.74488152, 1.43791037]), fval=1.0495696237525474, rho=nan, accepted=True, new_indices=[0], old_indices_used=[], old_indices_discarded=[], step_length=None, relative_step_length=None, n_evals_per_point=None, n_evals_acceptance=None), State(trustregion=Region(center=array([9.32244058, 0.74488152, 1.43791037]), radius=0.9322440584641207, bounds=Bounds(lower=array([1.1e+00, 1.0e-03, 0.0e+00]), upper=array([20.,  1., 10.]))), model_indices=array([ 0,  1,  2,  3,  4,  5,  6,  7,  8,  9, 10, 11, 12]), model=ScalarModel(intercept=1.0469384954359888, linear_terms=array([ 4.77639765e-03, -3.99254196e-05, -8.47930183e-04]), square_terms=array([[ 3.98229021e-02, -5.22376425e-05, -4.26662561e-04],
       [-5.22376425e-05,  1.40898610e-07,  7.04464589e-07],
       [-4.26662561e-04,  7.04464589e-07,  6.01744301e-06]]), scale=array([0.75138496, 0.4995    , 0.75138496]), shift=array([9.32244058, 0.5005    , 1.43791037])), vector_model=VectorModel(intercepts=array([ 0.06041355,  0.1576452 ,  0.19132677,  0.23398395,  0.24786574,
        0.24270369,  0.22124836,  0.00858746, -0.18959157, -0.2142166 ,
       -0.56868573, -0.56826055, -0.12995828, -0.08136512, -0.05958759,
       -0.05534402, -0.04545333]), linear_terms=array([[0., 0., 0.],
       [0., 0., 0.],
       [0., 0., 0.],
       [0., 0., 0.],
       [0., 0., 0.],
       [0., 0., 0.],
       [0., 0., 0.],
       [0., 0., 0.],
       [0., 0., 0.],
       [0., 0., 0.],
       [0., 0., 0.],
       [0., 0., 0.],
       [0., 0., 0.],
       [0., 0., 0.],
       [0., 0., 0.],
       [0., 0., 0.],
       [0., 0., 0.]]), square_terms=array([[[0., 0., 0.],
        [0., 0., 0.],
        [0., 0., 0.]],

       [[0., 0., 0.],
        [0., 0., 0.],
        [0., 0., 0.]],

       [[0., 0., 0.],
        [0., 0., 0.],
        [0., 0., 0.]],

       [[0., 0., 0.],
        [0., 0., 0.],
        [0., 0., 0.]],

       [[0., 0., 0.],
        [0., 0., 0.],
        [0., 0., 0.]],

       [[0., 0., 0.],
        [0., 0., 0.],
        [0., 0., 0.]],

       [[0., 0., 0.],
        [0., 0., 0.],
        [0., 0., 0.]],

       [[0., 0., 0.],
        [0., 0., 0.],
        [0., 0., 0.]],

       [[0., 0., 0.],
        [0., 0., 0.],
        [0., 0., 0.]],

       [[0., 0., 0.],
        [0., 0., 0.],
        [0., 0., 0.]],

       [[0., 0., 0.],
        [0., 0., 0.],
        [0., 0., 0.]],

       [[0., 0., 0.],
        [0., 0., 0.],
        [0., 0., 0.]],

       [[0., 0., 0.],
        [0., 0., 0.],
        [0., 0., 0.]],

       [[0., 0., 0.],
        [0., 0., 0.],
        [0., 0., 0.]],

       [[0., 0., 0.],
        [0., 0., 0.],
        [0., 0., 0.]],

       [[0., 0., 0.],
        [0., 0., 0.],
        [0., 0., 0.]],

       [[0., 0., 0.],
        [0., 0., 0.],
        [0., 0., 0.]]]), scale=0.9322440584641207, shift=array([9.32244058, 0.74488152, 1.43791037])), candidate_index=13, candidate_x=array([9.24135471, 1.        , 2.18929533]), index=13, x=array([9.24135471, 1.        , 2.18929533]), fval=1.0492466176522033, rho=0.29459588343296617, accepted=True, new_indices=array([ 1,  2,  3,  4,  5,  6,  7,  8,  9, 10, 11, 12]), old_indices_used=array([0]), old_indices_discarded=array([], dtype=int64), step_length=0.7976463601871466, relative_step_length=0.855619676998827, n_evals_per_point=1, n_evals_acceptance=1), State(trustregion=Region(center=array([9.24135471, 1.        , 2.18929533]), radius=1.8644881169282415, bounds=Bounds(lower=array([1.1e+00, 1.0e-03, 0.0e+00]), upper=array([20.,  1., 10.]))), model_indices=array([ 0,  1,  2,  4,  6,  7,  8,  9, 10, 11, 12, 13]), model=ScalarModel(intercept=1.0459915541925968, linear_terms=array([ 7.26637500e-04,  8.12794749e-05, -1.39450424e-03]), square_terms=array([[ 1.60214283e-01,  4.41098913e-05, -1.44298199e-03],
       [ 4.41098913e-05,  4.56547563e-08, -6.03976259e-07],
       [-1.44298199e-03, -6.03976259e-07,  1.71058564e-05]]), scale=array([1.50276992, 0.4995    , 1.50276992]), shift=array([9.24135471, 0.5005    , 2.18929533])), vector_model=VectorModel(intercepts=array([ 0.06041355,  0.1576452 ,  0.19132677,  0.23398395,  0.24786574,
        0.24270369,  0.22124836,  0.00858746, -0.18959157, -0.2142166 ,
       -0.56868573, -0.56826055, -0.12995828, -0.08136512, -0.05958759,
       -0.05534402, -0.04545333]), linear_terms=array([[0., 0., 0.],
       [0., 0., 0.],
       [0., 0., 0.],
       [0., 0., 0.],
       [0., 0., 0.],
       [0., 0., 0.],
       [0., 0., 0.],
       [0., 0., 0.],
       [0., 0., 0.],
       [0., 0., 0.],
       [0., 0., 0.],
       [0., 0., 0.],
       [0., 0., 0.],
       [0., 0., 0.],
       [0., 0., 0.],
       [0., 0., 0.],
       [0., 0., 0.]]), square_terms=array([[[0., 0., 0.],
        [0., 0., 0.],
        [0., 0., 0.]],

       [[0., 0., 0.],
        [0., 0., 0.],
        [0., 0., 0.]],

       [[0., 0., 0.],
        [0., 0., 0.],
        [0., 0., 0.]],

       [[0., 0., 0.],
        [0., 0., 0.],
        [0., 0., 0.]],

       [[0., 0., 0.],
        [0., 0., 0.],
        [0., 0., 0.]],

       [[0., 0., 0.],
        [0., 0., 0.],
        [0., 0., 0.]],

       [[0., 0., 0.],
        [0., 0., 0.],
        [0., 0., 0.]],

       [[0., 0., 0.],
        [0., 0., 0.],
        [0., 0., 0.]],

       [[0., 0., 0.],
        [0., 0., 0.],
        [0., 0., 0.]],

       [[0., 0., 0.],
        [0., 0., 0.],
        [0., 0., 0.]],

       [[0., 0., 0.],
        [0., 0., 0.],
        [0., 0., 0.]],

       [[0., 0., 0.],
        [0., 0., 0.],
        [0., 0., 0.]],

       [[0., 0., 0.],
        [0., 0., 0.],
        [0., 0., 0.]],

       [[0., 0., 0.],
        [0., 0., 0.],
        [0., 0., 0.]],

       [[0., 0., 0.],
        [0., 0., 0.],
        [0., 0., 0.]],

       [[0., 0., 0.],
        [0., 0., 0.],
        [0., 0., 0.]],

       [[0., 0., 0.],
        [0., 0., 0.],
        [0., 0., 0.]]]), scale=0.9322440584641207, shift=array([9.32244058, 0.74488152, 1.43791037])), candidate_index=14, candidate_x=array([9.24848758e+00, 1.00000000e-03, 3.69206525e+00]), index=13, x=array([9.24135471, 1.        , 2.18929533]), fval=1.0492466176522033, rho=-0.015028215318305269, accepted=False, new_indices=array([], dtype=int64), old_indices_used=array([ 0,  1,  2,  4,  6,  7,  8,  9, 10, 11, 12, 13]), old_indices_discarded=array([3, 5]), step_length=0.0, relative_step_length=0.0, n_evals_per_point=1, n_evals_acceptance=1), State(trustregion=Region(center=array([9.24135471, 1.        , 2.18929533]), radius=0.9322440584641207, bounds=Bounds(lower=array([1.1e+00, 1.0e-03, 0.0e+00]), upper=array([20.,  1., 10.]))), model_indices=array([ 0,  1,  2,  3,  4,  5,  6,  7,  8, 11, 12, 13]), model=ScalarModel(intercept=1.0462647512640786, linear_terms=array([ 0.00052984,  0.00043859, -0.00050037]), square_terms=array([[ 4.01056106e-02,  2.16074097e-04, -2.60771137e-04],
       [ 2.16074097e-04,  1.58907402e-06, -1.83849227e-06],
       [-2.60771137e-04, -1.83849227e-06,  2.17212475e-06]]), scale=array([0.75138496, 0.37569248, 0.75138496]), shift=array([9.24135471, 0.62430752, 2.18929533])), vector_model=VectorModel(intercepts=array([ 0.06041355,  0.1576452 ,  0.19132677,  0.23398395,  0.24786574,
        0.24270369,  0.22124836,  0.00858746, -0.18959157, -0.2142166 ,
       -0.56868573, -0.56826055, -0.12995828, -0.08136512, -0.05958759,
       -0.05534402, -0.04545333]), linear_terms=array([[0., 0., 0.],
       [0., 0., 0.],
       [0., 0., 0.],
       [0., 0., 0.],
       [0., 0., 0.],
       [0., 0., 0.],
       [0., 0., 0.],
       [0., 0., 0.],
       [0., 0., 0.],
       [0., 0., 0.],
       [0., 0., 0.],
       [0., 0., 0.],
       [0., 0., 0.],
       [0., 0., 0.],
       [0., 0., 0.],
       [0., 0., 0.],
       [0., 0., 0.]]), square_terms=array([[[0., 0., 0.],
        [0., 0., 0.],
        [0., 0., 0.]],

       [[0., 0., 0.],
        [0., 0., 0.],
        [0., 0., 0.]],

       [[0., 0., 0.],
        [0., 0., 0.],
        [0., 0., 0.]],

       [[0., 0., 0.],
        [0., 0., 0.],
        [0., 0., 0.]],

       [[0., 0., 0.],
        [0., 0., 0.],
        [0., 0., 0.]],

       [[0., 0., 0.],
        [0., 0., 0.],
        [0., 0., 0.]],

       [[0., 0., 0.],
        [0., 0., 0.],
        [0., 0., 0.]],

       [[0., 0., 0.],
        [0., 0., 0.],
        [0., 0., 0.]],

       [[0., 0., 0.],
        [0., 0., 0.],
        [0., 0., 0.]],

       [[0., 0., 0.],
        [0., 0., 0.],
        [0., 0., 0.]],

       [[0., 0., 0.],
        [0., 0., 0.],
        [0., 0., 0.]],

       [[0., 0., 0.],
        [0., 0., 0.],
        [0., 0., 0.]],

       [[0., 0., 0.],
        [0., 0., 0.],
        [0., 0., 0.]],

       [[0., 0., 0.],
        [0., 0., 0.],
        [0., 0., 0.]],

       [[0., 0., 0.],
        [0., 0., 0.],
        [0., 0., 0.]],

       [[0., 0., 0.],
        [0., 0., 0.],
        [0., 0., 0.]],

       [[0., 0., 0.],
        [0., 0., 0.],
        [0., 0., 0.]]]), scale=0.9322440584641207, shift=array([9.32244058, 0.74488152, 1.43791037])), candidate_index=15, candidate_x=array([9.22818287, 0.96891711, 2.26018938]), index=15, x=array([9.22818287, 0.96891711, 2.26018938]), fval=1.049163350874682, rho=0.9257846307348127, accepted=True, new_indices=array([], dtype=int64), old_indices_used=array([ 0,  1,  2,  3,  4,  5,  6,  7,  8, 11, 12, 13]), old_indices_discarded=array([ 9, 10, 14]), step_length=0.07852139077961172, relative_step_length=0.08422836280552574, n_evals_per_point=1, n_evals_acceptance=1), State(trustregion=Region(center=array([9.22818287, 0.96891711, 2.26018938]), radius=0.9322440584641207, bounds=Bounds(lower=array([1.1e+00, 1.0e-03, 0.0e+00]), upper=array([20.,  1., 10.]))), model_indices=array([ 0,  1,  2,  3,  5,  6,  7,  8, 11, 12, 13, 15]), model=ScalarModel(intercept=1.046912762137015, linear_terms=array([-0.00018298,  0.00056083,  0.00090992]), square_terms=array([[3.97440684e-02, 2.87170391e-04, 4.53996777e-04],
       [2.87170391e-04, 2.80212354e-06, 4.41959521e-06],
       [4.53996777e-04, 4.41959521e-06, 6.99138946e-06]]), scale=array([0.75138496, 0.39123393, 0.75138496]), shift=array([9.22818287, 0.60876607, 2.26018938])), vector_model=VectorModel(intercepts=array([ 0.06041355,  0.1576452 ,  0.19132677,  0.23398395,  0.24786574,
        0.24270369,  0.22124836,  0.00858746, -0.18959157, -0.2142166 ,
       -0.56868573, -0.56826055, -0.12995828, -0.08136512, -0.05958759,
       -0.05534402, -0.04545333]), linear_terms=array([[0., 0., 0.],
       [0., 0., 0.],
       [0., 0., 0.],
       [0., 0., 0.],
       [0., 0., 0.],
       [0., 0., 0.],
       [0., 0., 0.],
       [0., 0., 0.],
       [0., 0., 0.],
       [0., 0., 0.],
       [0., 0., 0.],
       [0., 0., 0.],
       [0., 0., 0.],
       [0., 0., 0.],
       [0., 0., 0.],
       [0., 0., 0.],
       [0., 0., 0.]]), square_terms=array([[[0., 0., 0.],
        [0., 0., 0.],
        [0., 0., 0.]],

       [[0., 0., 0.],
        [0., 0., 0.],
        [0., 0., 0.]],

       [[0., 0., 0.],
        [0., 0., 0.],
        [0., 0., 0.]],

       [[0., 0., 0.],
        [0., 0., 0.],
        [0., 0., 0.]],

       [[0., 0., 0.],
        [0., 0., 0.],
        [0., 0., 0.]],

       [[0., 0., 0.],
        [0., 0., 0.],
        [0., 0., 0.]],

       [[0., 0., 0.],
        [0., 0., 0.],
        [0., 0., 0.]],

       [[0., 0., 0.],
        [0., 0., 0.],
        [0., 0., 0.]],

       [[0., 0., 0.],
        [0., 0., 0.],
        [0., 0., 0.]],

       [[0., 0., 0.],
        [0., 0., 0.],
        [0., 0., 0.]],

       [[0., 0., 0.],
        [0., 0., 0.],
        [0., 0., 0.]],

       [[0., 0., 0.],
        [0., 0., 0.],
        [0., 0., 0.]],

       [[0., 0., 0.],
        [0., 0., 0.],
        [0., 0., 0.]],

       [[0., 0., 0.],
        [0., 0., 0.],
        [0., 0., 0.]],

       [[0., 0., 0.],
        [0., 0., 0.],
        [0., 0., 0.]],

       [[0., 0., 0.],
        [0., 0., 0.],
        [0., 0., 0.]],

       [[0., 0., 0.],
        [0., 0., 0.],
        [0., 0., 0.]]]), scale=0.9322440584641207, shift=array([9.32244058, 0.74488152, 1.43791037])), candidate_index=16, candidate_x=array([9.24565441, 0.21753215, 1.50880442]), index=15, x=array([9.22818287, 0.96891711, 2.26018938]), fval=1.049163350874682, rho=-0.04274911060499131, accepted=False, new_indices=array([], dtype=int64), old_indices_used=array([ 0,  1,  2,  3,  5,  6,  7,  8, 11, 12, 13, 15]), old_indices_discarded=array([ 4,  9, 10, 14]), step_length=0.0, relative_step_length=0.0, n_evals_per_point=1, n_evals_acceptance=1), State(trustregion=Region(center=array([9.22818287, 0.96891711, 2.26018938]), radius=0.46612202923206036, bounds=Bounds(lower=array([1.1e+00, 1.0e-03, 0.0e+00]), upper=array([20.,  1., 10.]))), model_indices=array([ 0,  1,  2,  3,  5,  6,  7,  8, 12, 13, 15, 16]), model=ScalarModel(intercept=1.0467020210824762, linear_terms=array([-0.00010542,  0.00028887, -0.00066884]), square_terms=array([[ 9.96040611e-03,  7.57214040e-05, -1.91927463e-04],
       [ 7.57214040e-05,  7.69681003e-07, -1.92062287e-06],
       [-1.91927463e-04, -1.92062287e-06,  4.86752303e-06]]), scale=array([0.37569248, 0.20338769, 0.37569248]), shift=array([9.22818287, 0.79661231, 2.26018938])), vector_model=VectorModel(intercepts=array([ 0.06041355,  0.1576452 ,  0.19132677,  0.23398395,  0.24786574,
        0.24270369,  0.22124836,  0.00858746, -0.18959157, -0.2142166 ,
       -0.56868573, -0.56826055, -0.12995828, -0.08136512, -0.05958759,
       -0.05534402, -0.04545333]), linear_terms=array([[0., 0., 0.],
       [0., 0., 0.],
       [0., 0., 0.],
       [0., 0., 0.],
       [0., 0., 0.],
       [0., 0., 0.],
       [0., 0., 0.],
       [0., 0., 0.],
       [0., 0., 0.],
       [0., 0., 0.],
       [0., 0., 0.],
       [0., 0., 0.],
       [0., 0., 0.],
       [0., 0., 0.],
       [0., 0., 0.],
       [0., 0., 0.],
       [0., 0., 0.]]), square_terms=array([[[0., 0., 0.],
        [0., 0., 0.],
        [0., 0., 0.]],

       [[0., 0., 0.],
        [0., 0., 0.],
        [0., 0., 0.]],

       [[0., 0., 0.],
        [0., 0., 0.],
        [0., 0., 0.]],

       [[0., 0., 0.],
        [0., 0., 0.],
        [0., 0., 0.]],

       [[0., 0., 0.],
        [0., 0., 0.],
        [0., 0., 0.]],

       [[0., 0., 0.],
        [0., 0., 0.],
        [0., 0., 0.]],

       [[0., 0., 0.],
        [0., 0., 0.],
        [0., 0., 0.]],

       [[0., 0., 0.],
        [0., 0., 0.],
        [0., 0., 0.]],

       [[0., 0., 0.],
        [0., 0., 0.],
        [0., 0., 0.]],

       [[0., 0., 0.],
        [0., 0., 0.],
        [0., 0., 0.]],

       [[0., 0., 0.],
        [0., 0., 0.],
        [0., 0., 0.]],

       [[0., 0., 0.],
        [0., 0., 0.],
        [0., 0., 0.]],

       [[0., 0., 0.],
        [0., 0., 0.],
        [0., 0., 0.]],

       [[0., 0., 0.],
        [0., 0., 0.],
        [0., 0., 0.]],

       [[0., 0., 0.],
        [0., 0., 0.],
        [0., 0., 0.]],

       [[0., 0., 0.],
        [0., 0., 0.],
        [0., 0., 0.]],

       [[0., 0., 0.],
        [0., 0., 0.],
        [0., 0., 0.]]]), scale=0.9322440584641207, shift=array([9.32244058, 0.74488152, 1.43791037])), candidate_index=17, candidate_x=array([9.24225442, 0.59322463, 2.63588186]), index=15, x=array([9.22818287, 0.96891711, 2.26018938]), fval=1.049163350874682, rho=-0.06058826690356222, accepted=False, new_indices=array([], dtype=int64), old_indices_used=array([ 0,  1,  2,  3,  5,  6,  7,  8, 12, 13, 15, 16]), old_indices_discarded=array([ 4,  9, 10, 11, 14]), step_length=0.0, relative_step_length=0.0, n_evals_per_point=1, n_evals_acceptance=1), State(trustregion=Region(center=array([9.22818287, 0.96891711, 2.26018938]), radius=0.23306101461603018, bounds=Bounds(lower=array([1.1e+00, 1.0e-03, 0.0e+00]), upper=array([20.,  1., 10.]))), model_indices=array([ 0,  2,  3,  5,  6,  7,  8, 13, 15, 16, 17]), model=ScalarModel(intercept=1.047503515676741, linear_terms=array([-3.18350275e-05, -7.62931516e-05,  6.21306334e-05]), square_terms=array([[ 2.46612194e-03, -1.13348281e-05,  6.44610213e-06],
       [-1.13348281e-05,  7.08392087e-08, -3.87923392e-08],
       [ 6.44610213e-06, -3.87923392e-08,  2.57147966e-08]]), scale=array([0.18784624, 0.10946457, 0.18784624]), shift=array([9.22818287, 0.89053543, 2.26018938])), vector_model=VectorModel(intercepts=array([ 0.06041355,  0.1576452 ,  0.19132677,  0.23398395,  0.24786574,
        0.24270369,  0.22124836,  0.00858746, -0.18959157, -0.2142166 ,
       -0.56868573, -0.56826055, -0.12995828, -0.08136512, -0.05958759,
       -0.05534402, -0.04545333]), linear_terms=array([[0., 0., 0.],
       [0., 0., 0.],
       [0., 0., 0.],
       [0., 0., 0.],
       [0., 0., 0.],
       [0., 0., 0.],
       [0., 0., 0.],
       [0., 0., 0.],
       [0., 0., 0.],
       [0., 0., 0.],
       [0., 0., 0.],
       [0., 0., 0.],
       [0., 0., 0.],
       [0., 0., 0.],
       [0., 0., 0.],
       [0., 0., 0.],
       [0., 0., 0.]]), square_terms=array([[[0., 0., 0.],
        [0., 0., 0.],
        [0., 0., 0.]],

       [[0., 0., 0.],
        [0., 0., 0.],
        [0., 0., 0.]],

       [[0., 0., 0.],
        [0., 0., 0.],
        [0., 0., 0.]],

       [[0., 0., 0.],
        [0., 0., 0.],
        [0., 0., 0.]],

       [[0., 0., 0.],
        [0., 0., 0.],
        [0., 0., 0.]],

       [[0., 0., 0.],
        [0., 0., 0.],
        [0., 0., 0.]],

       [[0., 0., 0.],
        [0., 0., 0.],
        [0., 0., 0.]],

       [[0., 0., 0.],
        [0., 0., 0.],
        [0., 0., 0.]],

       [[0., 0., 0.],
        [0., 0., 0.],
        [0., 0., 0.]],

       [[0., 0., 0.],
        [0., 0., 0.],
        [0., 0., 0.]],

       [[0., 0., 0.],
        [0., 0., 0.],
        [0., 0., 0.]],

       [[0., 0., 0.],
        [0., 0., 0.],
        [0., 0., 0.]],

       [[0., 0., 0.],
        [0., 0., 0.],
        [0., 0., 0.]],

       [[0., 0., 0.],
        [0., 0., 0.],
        [0., 0., 0.]],

       [[0., 0., 0.],
        [0., 0., 0.],
        [0., 0., 0.]],

       [[0., 0., 0.],
        [0., 0., 0.],
        [0., 0., 0.]],

       [[0., 0., 0.],
        [0., 0., 0.],
        [0., 0., 0.]]]), scale=0.9322440584641207, shift=array([9.32244058, 0.74488152, 1.43791037])), candidate_index=18, candidate_x=array([9.23196215, 1.        , 2.07234314]), index=15, x=array([9.22818287, 0.96891711, 2.26018938]), fval=1.049163350874682, rho=-0.5112487162461632, accepted=False, new_indices=array([], dtype=int64), old_indices_used=array([ 0,  2,  3,  5,  6,  7,  8, 13, 15, 16, 17]), old_indices_discarded=array([], dtype=int64), step_length=0.0, relative_step_length=0.0, n_evals_per_point=1, n_evals_acceptance=1), State(trustregion=Region(center=array([9.22818287, 0.96891711, 2.26018938]), radius=0.11653050730801509, bounds=Bounds(lower=array([1.1e+00, 1.0e-03, 0.0e+00]), upper=array([20.,  1., 10.]))), model_indices=array([ 5, 13, 15, 17, 18]), model=ScalarModel(intercept=1.0491874954295033, linear_terms=array([ 2.26883754e-04, -1.05452892e-05, -1.29380971e-05]), square_terms=array([[6.50406232e-04, 3.54487790e-07, 1.59265103e-07],
       [3.54487790e-07, 2.38081753e-09, 2.90068466e-09],
       [1.59265103e-07, 2.90068466e-09, 4.60526284e-09]]), scale=array([0.09392312, 0.06250301, 0.09392312]), shift=array([9.22818287, 0.93749699, 2.26018938])), vector_model=VectorModel(intercepts=array([ 0.06041355,  0.1576452 ,  0.19132677,  0.23398395,  0.24786574,
        0.24270369,  0.22124836,  0.00858746, -0.18959157, -0.2142166 ,
       -0.56868573, -0.56826055, -0.12995828, -0.08136512, -0.05958759,
       -0.05534402, -0.04545333]), linear_terms=array([[0., 0., 0.],
       [0., 0., 0.],
       [0., 0., 0.],
       [0., 0., 0.],
       [0., 0., 0.],
       [0., 0., 0.],
       [0., 0., 0.],
       [0., 0., 0.],
       [0., 0., 0.],
       [0., 0., 0.],
       [0., 0., 0.],
       [0., 0., 0.],
       [0., 0., 0.],
       [0., 0., 0.],
       [0., 0., 0.],
       [0., 0., 0.],
       [0., 0., 0.]]), square_terms=array([[[0., 0., 0.],
        [0., 0., 0.],
        [0., 0., 0.]],

       [[0., 0., 0.],
        [0., 0., 0.],
        [0., 0., 0.]],

       [[0., 0., 0.],
        [0., 0., 0.],
        [0., 0., 0.]],

       [[0., 0., 0.],
        [0., 0., 0.],
        [0., 0., 0.]],

       [[0., 0., 0.],
        [0., 0., 0.],
        [0., 0., 0.]],

       [[0., 0., 0.],
        [0., 0., 0.],
        [0., 0., 0.]],

       [[0., 0., 0.],
        [0., 0., 0.],
        [0., 0., 0.]],

       [[0., 0., 0.],
        [0., 0., 0.],
        [0., 0., 0.]],

       [[0., 0., 0.],
        [0., 0., 0.],
        [0., 0., 0.]],

       [[0., 0., 0.],
        [0., 0., 0.],
        [0., 0., 0.]],

       [[0., 0., 0.],
        [0., 0., 0.],
        [0., 0., 0.]],

       [[0., 0., 0.],
        [0., 0., 0.],
        [0., 0., 0.]],

       [[0., 0., 0.],
        [0., 0., 0.],
        [0., 0., 0.]],

       [[0., 0., 0.],
        [0., 0., 0.],
        [0., 0., 0.]],

       [[0., 0., 0.],
        [0., 0., 0.],
        [0., 0., 0.]],

       [[0., 0., 0.],
        [0., 0., 0.],
        [0., 0., 0.]],

       [[0., 0., 0.],
        [0., 0., 0.],
        [0., 0., 0.]]]), scale=0.9322440584641207, shift=array([9.32244058, 0.74488152, 1.43791037])), candidate_index=19, candidate_x=array([9.19534511, 1.        , 2.3541125 ]), index=19, x=array([9.19534511, 1.        , 2.3541125 ]), fval=1.0490096077823867, rho=2.654037965257038, accepted=True, new_indices=array([], dtype=int64), old_indices_used=array([ 5, 13, 15, 17, 18]), old_indices_discarded=array([], dtype=int64), step_length=0.10424018896835358, relative_step_length=0.8945313238259954, n_evals_per_point=1, n_evals_acceptance=1), State(trustregion=Region(center=array([9.19534511, 1.        , 2.3541125 ]), radius=0.23306101461603018, bounds=Bounds(lower=array([1.1e+00, 1.0e-03, 0.0e+00]), upper=array([20.,  1., 10.]))), model_indices=array([ 0,  3,  5,  6,  7,  8, 13, 15, 16, 17, 18, 19]), model=ScalarModel(intercept=1.0479727710863258, linear_terms=array([-4.21300510e-04, -1.33247436e-05,  9.97252434e-05]), square_terms=array([[ 2.46025643e-03, -2.38248789e-06,  1.24651552e-05],
       [-2.38248789e-06,  4.70775532e-09, -1.62580820e-08],
       [ 1.24651552e-05, -1.62580820e-08,  8.84918628e-08]]), scale=array([0.18784624, 0.09392312, 0.18784624]), shift=array([9.19534511, 0.90607688, 2.3541125 ])), vector_model=VectorModel(intercepts=array([ 0.06041355,  0.1576452 ,  0.19132677,  0.23398395,  0.24786574,
        0.24270369,  0.22124836,  0.00858746, -0.18959157, -0.2142166 ,
       -0.56868573, -0.56826055, -0.12995828, -0.08136512, -0.05958759,
       -0.05534402, -0.04545333]), linear_terms=array([[0., 0., 0.],
       [0., 0., 0.],
       [0., 0., 0.],
       [0., 0., 0.],
       [0., 0., 0.],
       [0., 0., 0.],
       [0., 0., 0.],
       [0., 0., 0.],
       [0., 0., 0.],
       [0., 0., 0.],
       [0., 0., 0.],
       [0., 0., 0.],
       [0., 0., 0.],
       [0., 0., 0.],
       [0., 0., 0.],
       [0., 0., 0.],
       [0., 0., 0.]]), square_terms=array([[[0., 0., 0.],
        [0., 0., 0.],
        [0., 0., 0.]],

       [[0., 0., 0.],
        [0., 0., 0.],
        [0., 0., 0.]],

       [[0., 0., 0.],
        [0., 0., 0.],
        [0., 0., 0.]],

       [[0., 0., 0.],
        [0., 0., 0.],
        [0., 0., 0.]],

       [[0., 0., 0.],
        [0., 0., 0.],
        [0., 0., 0.]],

       [[0., 0., 0.],
        [0., 0., 0.],
        [0., 0., 0.]],

       [[0., 0., 0.],
        [0., 0., 0.],
        [0., 0., 0.]],

       [[0., 0., 0.],
        [0., 0., 0.],
        [0., 0., 0.]],

       [[0., 0., 0.],
        [0., 0., 0.],
        [0., 0., 0.]],

       [[0., 0., 0.],
        [0., 0., 0.],
        [0., 0., 0.]],

       [[0., 0., 0.],
        [0., 0., 0.],
        [0., 0., 0.]],

       [[0., 0., 0.],
        [0., 0., 0.],
        [0., 0., 0.]],

       [[0., 0., 0.],
        [0., 0., 0.],
        [0., 0., 0.]],

       [[0., 0., 0.],
        [0., 0., 0.],
        [0., 0., 0.]],

       [[0., 0., 0.],
        [0., 0., 0.],
        [0., 0., 0.]],

       [[0., 0., 0.],
        [0., 0., 0.],
        [0., 0., 0.]],

       [[0., 0., 0.],
        [0., 0., 0.],
        [0., 0., 0.]]]), scale=0.9322440584641207, shift=array([9.32244058, 0.74488152, 1.43791037])), candidate_index=20, candidate_x=array([9.22864603, 1.        , 2.16626626]), index=19, x=array([9.19534511, 1.        , 2.3541125 ]), fval=1.0490096077823867, rho=-1.148788480163459, accepted=False, new_indices=array([], dtype=int64), old_indices_used=array([ 0,  3,  5,  6,  7,  8, 13, 15, 16, 17, 18, 19]), old_indices_discarded=array([], dtype=int64), step_length=0.0, relative_step_length=0.0, n_evals_per_point=1, n_evals_acceptance=1), State(trustregion=Region(center=array([9.19534511, 1.        , 2.3541125 ]), radius=0.11653050730801509, bounds=Bounds(lower=array([1.1e+00, 1.0e-03, 0.0e+00]), upper=array([20.,  1., 10.]))), model_indices=array([ 5, 13, 15, 17, 18, 19, 20]), model=ScalarModel(intercept=1.049068600031848, linear_terms=array([-5.15425962e-06, -3.21654056e-05, -5.15142062e-05]), square_terms=array([[6.50815065e-04, 7.41043361e-07, 8.78952393e-07],
       [7.41043361e-07, 3.78610433e-09, 5.18144248e-09],
       [8.78952393e-07, 5.18144248e-09, 8.16599758e-09]]), scale=array([0.09392312, 0.04696156, 0.09392312]), shift=array([9.19534511, 0.95303844, 2.3541125 ])), vector_model=VectorModel(intercepts=array([ 0.06041355,  0.1576452 ,  0.19132677,  0.23398395,  0.24786574,
        0.24270369,  0.22124836,  0.00858746, -0.18959157, -0.2142166 ,
       -0.56868573, -0.56826055, -0.12995828, -0.08136512, -0.05958759,
       -0.05534402, -0.04545333]), linear_terms=array([[0., 0., 0.],
       [0., 0., 0.],
       [0., 0., 0.],
       [0., 0., 0.],
       [0., 0., 0.],
       [0., 0., 0.],
       [0., 0., 0.],
       [0., 0., 0.],
       [0., 0., 0.],
       [0., 0., 0.],
       [0., 0., 0.],
       [0., 0., 0.],
       [0., 0., 0.],
       [0., 0., 0.],
       [0., 0., 0.],
       [0., 0., 0.],
       [0., 0., 0.]]), square_terms=array([[[0., 0., 0.],
        [0., 0., 0.],
        [0., 0., 0.]],

       [[0., 0., 0.],
        [0., 0., 0.],
        [0., 0., 0.]],

       [[0., 0., 0.],
        [0., 0., 0.],
        [0., 0., 0.]],

       [[0., 0., 0.],
        [0., 0., 0.],
        [0., 0., 0.]],

       [[0., 0., 0.],
        [0., 0., 0.],
        [0., 0., 0.]],

       [[0., 0., 0.],
        [0., 0., 0.],
        [0., 0., 0.]],

       [[0., 0., 0.],
        [0., 0., 0.],
        [0., 0., 0.]],

       [[0., 0., 0.],
        [0., 0., 0.],
        [0., 0., 0.]],

       [[0., 0., 0.],
        [0., 0., 0.],
        [0., 0., 0.]],

       [[0., 0., 0.],
        [0., 0., 0.],
        [0., 0., 0.]],

       [[0., 0., 0.],
        [0., 0., 0.],
        [0., 0., 0.]],

       [[0., 0., 0.],
        [0., 0., 0.],
        [0., 0., 0.]],

       [[0., 0., 0.],
        [0., 0., 0.],
        [0., 0., 0.]],

       [[0., 0., 0.],
        [0., 0., 0.],
        [0., 0., 0.]],

       [[0., 0., 0.],
        [0., 0., 0.],
        [0., 0., 0.]],

       [[0., 0., 0.],
        [0., 0., 0.],
        [0., 0., 0.]],

       [[0., 0., 0.],
        [0., 0., 0.],
        [0., 0., 0.]]]), scale=0.9322440584641207, shift=array([9.32244058, 0.74488152, 1.43791037])), candidate_index=21, candidate_x=array([9.19587252, 1.        , 2.36398727]), index=19, x=array([9.19534511, 1.        , 2.3541125 ]), fval=1.0490096077823867, rho=-0.9490423807093207, accepted=False, new_indices=array([], dtype=int64), old_indices_used=array([ 5, 13, 15, 17, 18, 19, 20]), old_indices_discarded=array([], dtype=int64), step_length=0.0, relative_step_length=0.0, n_evals_per_point=1, n_evals_acceptance=1), State(trustregion=Region(center=array([9.19534511, 1.        , 2.3541125 ]), radius=0.058265253654007546, bounds=Bounds(lower=array([1.1e+00, 1.0e-03, 0.0e+00]), upper=array([20.,  1., 10.]))), model_indices=array([ 5, 13, 15, 18, 19, 20, 21]), model=ScalarModel(intercept=1.0490602097406672, linear_terms=array([-3.55570727e-06, -3.42058966e-05, -2.75548565e-05]), square_terms=array([[1.62682306e-04, 2.16569791e-08, 2.36862101e-07],
       [2.16569791e-08, 1.10851221e-08, 3.71409443e-09],
       [2.36862101e-07, 3.71409443e-09, 2.45714542e-09]]), scale=array([0.04696156, 0.02348078, 0.04696156]), shift=array([9.19534511, 0.97651922, 2.3541125 ])), vector_model=VectorModel(intercepts=array([ 0.06041355,  0.1576452 ,  0.19132677,  0.23398395,  0.24786574,
        0.24270369,  0.22124836,  0.00858746, -0.18959157, -0.2142166 ,
       -0.56868573, -0.56826055, -0.12995828, -0.08136512, -0.05958759,
       -0.05534402, -0.04545333]), linear_terms=array([[0., 0., 0.],
       [0., 0., 0.],
       [0., 0., 0.],
       [0., 0., 0.],
       [0., 0., 0.],
       [0., 0., 0.],
       [0., 0., 0.],
       [0., 0., 0.],
       [0., 0., 0.],
       [0., 0., 0.],
       [0., 0., 0.],
       [0., 0., 0.],
       [0., 0., 0.],
       [0., 0., 0.],
       [0., 0., 0.],
       [0., 0., 0.],
       [0., 0., 0.]]), square_terms=array([[[0., 0., 0.],
        [0., 0., 0.],
        [0., 0., 0.]],

       [[0., 0., 0.],
        [0., 0., 0.],
        [0., 0., 0.]],

       [[0., 0., 0.],
        [0., 0., 0.],
        [0., 0., 0.]],

       [[0., 0., 0.],
        [0., 0., 0.],
        [0., 0., 0.]],

       [[0., 0., 0.],
        [0., 0., 0.],
        [0., 0., 0.]],

       [[0., 0., 0.],
        [0., 0., 0.],
        [0., 0., 0.]],

       [[0., 0., 0.],
        [0., 0., 0.],
        [0., 0., 0.]],

       [[0., 0., 0.],
        [0., 0., 0.],
        [0., 0., 0.]],

       [[0., 0., 0.],
        [0., 0., 0.],
        [0., 0., 0.]],

       [[0., 0., 0.],
        [0., 0., 0.],
        [0., 0., 0.]],

       [[0., 0., 0.],
        [0., 0., 0.],
        [0., 0., 0.]],

       [[0., 0., 0.],
        [0., 0., 0.],
        [0., 0., 0.]],

       [[0., 0., 0.],
        [0., 0., 0.],
        [0., 0., 0.]],

       [[0., 0., 0.],
        [0., 0., 0.],
        [0., 0., 0.]],

       [[0., 0., 0.],
        [0., 0., 0.],
        [0., 0., 0.]],

       [[0., 0., 0.],
        [0., 0., 0.],
        [0., 0., 0.]],

       [[0., 0., 0.],
        [0., 0., 0.],
        [0., 0., 0.]]]), scale=0.9322440584641207, shift=array([9.32244058, 0.74488152, 1.43791037])), candidate_index=22, candidate_x=array([9.19629691, 1.        , 2.40107406]), index=19, x=array([9.19534511, 1.        , 2.3541125 ]), fval=1.0490096077823867, rho=-0.7262766708713143, accepted=False, new_indices=array([], dtype=int64), old_indices_used=array([ 5, 13, 15, 18, 19, 20, 21]), old_indices_discarded=array([], dtype=int64), step_length=0.0, relative_step_length=0.0, n_evals_per_point=1, n_evals_acceptance=1), State(trustregion=Region(center=array([9.19534511, 1.        , 2.3541125 ]), radius=0.029132626827003773, bounds=Bounds(lower=array([1.1e+00, 1.0e-03, 0.0e+00]), upper=array([20.,  1., 10.]))), model_indices=array([15, 19, 21, 22]), model=ScalarModel(intercept=1.0490304851463612, linear_terms=array([ 6.72773148e-05, -2.10196936e-05,  8.64021861e-06]), square_terms=array([[ 3.94129259e-05, -8.31410036e-09,  3.70314752e-08],
       [-8.31410036e-09,  2.84659242e-07, -5.04561431e-09],
       [ 3.70314752e-08, -5.04561431e-09,  3.14792512e-10]]), scale=array([0.02348078, 0.01174039, 0.02348078]), shift=array([9.19534511, 0.98825961, 2.3541125 ])), vector_model=VectorModel(intercepts=array([ 0.06041355,  0.1576452 ,  0.19132677,  0.23398395,  0.24786574,
        0.24270369,  0.22124836,  0.00858746, -0.18959157, -0.2142166 ,
       -0.56868573, -0.56826055, -0.12995828, -0.08136512, -0.05958759,
       -0.05534402, -0.04545333]), linear_terms=array([[0., 0., 0.],
       [0., 0., 0.],
       [0., 0., 0.],
       [0., 0., 0.],
       [0., 0., 0.],
       [0., 0., 0.],
       [0., 0., 0.],
       [0., 0., 0.],
       [0., 0., 0.],
       [0., 0., 0.],
       [0., 0., 0.],
       [0., 0., 0.],
       [0., 0., 0.],
       [0., 0., 0.],
       [0., 0., 0.],
       [0., 0., 0.],
       [0., 0., 0.]]), square_terms=array([[[0., 0., 0.],
        [0., 0., 0.],
        [0., 0., 0.]],

       [[0., 0., 0.],
        [0., 0., 0.],
        [0., 0., 0.]],

       [[0., 0., 0.],
        [0., 0., 0.],
        [0., 0., 0.]],

       [[0., 0., 0.],
        [0., 0., 0.],
        [0., 0., 0.]],

       [[0., 0., 0.],
        [0., 0., 0.],
        [0., 0., 0.]],

       [[0., 0., 0.],
        [0., 0., 0.],
        [0., 0., 0.]],

       [[0., 0., 0.],
        [0., 0., 0.],
        [0., 0., 0.]],

       [[0., 0., 0.],
        [0., 0., 0.],
        [0., 0., 0.]],

       [[0., 0., 0.],
        [0., 0., 0.],
        [0., 0., 0.]],

       [[0., 0., 0.],
        [0., 0., 0.],
        [0., 0., 0.]],

       [[0., 0., 0.],
        [0., 0., 0.],
        [0., 0., 0.]],

       [[0., 0., 0.],
        [0., 0., 0.],
        [0., 0., 0.]],

       [[0., 0., 0.],
        [0., 0., 0.],
        [0., 0., 0.]],

       [[0., 0., 0.],
        [0., 0., 0.],
        [0., 0., 0.]],

       [[0., 0., 0.],
        [0., 0., 0.],
        [0., 0., 0.]],

       [[0., 0., 0.],
        [0., 0., 0.],
        [0., 0., 0.]],

       [[0., 0., 0.],
        [0., 0., 0.],
        [0., 0., 0.]]]), scale=0.9322440584641207, shift=array([9.32244058, 0.74488152, 1.43791037])), candidate_index=23, candidate_x=array([9.17186433, 1.        , 2.33063172]), index=19, x=array([9.19534511, 1.        , 2.3541125 ]), fval=1.0490096077823867, rho=-1.8592980214890305, accepted=False, new_indices=array([], dtype=int64), old_indices_used=array([15, 19, 21, 22]), old_indices_discarded=array([], dtype=int64), step_length=0.0, relative_step_length=0.0, n_evals_per_point=1, n_evals_acceptance=1), State(trustregion=Region(center=array([9.19534511, 1.        , 2.3541125 ]), radius=0.014566313413501886, bounds=Bounds(lower=array([1.1e+00, 1.0e-03, 0.0e+00]), upper=array([20.,  1., 10.]))), model_indices=array([19, 21, 22, 23]), model=ScalarModel(intercept=0.26225267430593713, linear_terms=array([-2.37370002e-05,  5.24505349e-01,  2.87866525e-06]), square_terms=array([[ 9.92309131e-06, -2.37370002e-05,  7.69391657e-09],
       [-2.37370002e-05,  5.24505349e-01,  2.87866525e-06],
       [ 7.69391657e-09,  2.87866525e-06,  1.12208723e-10]]), scale=array([0.01174039, 0.0058702 , 0.01174039]), shift=array([9.19534511, 0.9941298 , 2.3541125 ])), vector_model=VectorModel(intercepts=array([ 0.06041355,  0.1576452 ,  0.19132677,  0.23398395,  0.24786574,
        0.24270369,  0.22124836,  0.00858746, -0.18959157, -0.2142166 ,
       -0.56868573, -0.56826055, -0.12995828, -0.08136512, -0.05958759,
       -0.05534402, -0.04545333]), linear_terms=array([[0., 0., 0.],
       [0., 0., 0.],
       [0., 0., 0.],
       [0., 0., 0.],
       [0., 0., 0.],
       [0., 0., 0.],
       [0., 0., 0.],
       [0., 0., 0.],
       [0., 0., 0.],
       [0., 0., 0.],
       [0., 0., 0.],
       [0., 0., 0.],
       [0., 0., 0.],
       [0., 0., 0.],
       [0., 0., 0.],
       [0., 0., 0.],
       [0., 0., 0.]]), square_terms=array([[[0., 0., 0.],
        [0., 0., 0.],
        [0., 0., 0.]],

       [[0., 0., 0.],
        [0., 0., 0.],
        [0., 0., 0.]],

       [[0., 0., 0.],
        [0., 0., 0.],
        [0., 0., 0.]],

       [[0., 0., 0.],
        [0., 0., 0.],
        [0., 0., 0.]],

       [[0., 0., 0.],
        [0., 0., 0.],
        [0., 0., 0.]],

       [[0., 0., 0.],
        [0., 0., 0.],
        [0., 0., 0.]],

       [[0., 0., 0.],
        [0., 0., 0.],
        [0., 0., 0.]],

       [[0., 0., 0.],
        [0., 0., 0.],
        [0., 0., 0.]],

       [[0., 0., 0.],
        [0., 0., 0.],
        [0., 0., 0.]],

       [[0., 0., 0.],
        [0., 0., 0.],
        [0., 0., 0.]],

       [[0., 0., 0.],
        [0., 0., 0.],
        [0., 0., 0.]],

       [[0., 0., 0.],
        [0., 0., 0.],
        [0., 0., 0.]],

       [[0., 0., 0.],
        [0., 0., 0.],
        [0., 0., 0.]],

       [[0., 0., 0.],
        [0., 0., 0.],
        [0., 0., 0.]],

       [[0., 0., 0.],
        [0., 0., 0.],
        [0., 0., 0.]],

       [[0., 0., 0.],
        [0., 0., 0.],
        [0., 0., 0.]],

       [[0., 0., 0.],
        [0., 0., 0.],
        [0., 0., 0.]]]), scale=0.9322440584641207, shift=array([9.32244058, 0.74488152, 1.43791037])), candidate_index=24, candidate_x=array([9.19534512, 0.98825961, 2.35409861]), index=24, x=array([9.19534512, 0.98825961, 2.35409861]), fval=1.0490096077353583, rho=4.483117408980621e-11, accepted=True, new_indices=array([], dtype=int64), old_indices_used=array([19, 21, 22, 23]), old_indices_discarded=array([], dtype=int64), step_length=0.011740398187038653, relative_step_length=0.8059965382974789, n_evals_per_point=1, n_evals_acceptance=1)]}"
logger,
